회사명,거래소코드,회계년도,순운전자본비율,유보율,총자본영업이익률,부채비율,총자본회전률
(주)CMG제약,058820,2021/12,56.11,165.97,0.84,7.84,0.35
(주)ES큐브,050120,2021/12,2.08,-4.03,2.96,16.65,0.52
(주)가비아,079940,2021/12,-1.32,855.57,7.4,68.64,0.7
(주)가온칩스,399720,2021/12,43.54,363.75,19.84,69.21,1.03
(주)강스템바이오텍,217730,2021/12,61.77,269.1,-27.48,28.57,0.05
(주)강원에너지,114190,2021/12,47.51,118.91,5.14,45.27,1.19
(주)고려시멘트,198440,2021/12,25.21,3563.26,2.82,25.29,0.5
(주)고바이오랩,348150,2021/12,87.95,869.75,-14.17,14.71,0.04
(주)고영테크놀러지,098460,2021/12,64.25,4265.73,13.07,28.49,0.69
(주)골드앤에스,035290,2021/12,34.81,-15.71,5.8,71.26,0.58
(주)골드퍼시픽,038530,2021/12,46.3,52.91,-6.02,38.75,0.11
(주)골프존,215000,2021/12,18.73,9106.43,26.34,56.99,1.03
(주)골프존뉴딘홀딩스,121440,2021/12,-5.05,2698.17,9.46,17.57,0.13
(주)공구우먼,366030,2021/12,46.29,10667.84,37.19,16.34,1.7
(주)광림,014200,2021/12,3.79,443.05,5.57,33.59,0.54
(주)광무,029480,2021/12,23.54,345.78,-0.52,96.54,0.27
(주)구영테크,053270,2021/12,-1.92,391.8,2.06,143.58,0.67
(주)국보디자인,066620,2021/12,-0.29,5728.83,7.81,55.4,1.03
(주)국순당,043650,2021/12,21.86,2505.56,3.55,9.04,0.26
(주)국영지앤엠,006050,2021/12,17.35,169.12,-9.89,43.61,0.81
(주)국전약품,307750,2021/12,51.47,1594.58,7.45,28.67,1.04
(주)그래디언트,035080,2021/12,7.18,722.16,1.81,82.51,0.03
(주)그리티,204020,2021/12,54.9,517.15,-8.7,14.5,1.33
(주)그린플러스,186230,2021/12,39.63,941.52,7.14,44.66,0.95
(주)글로벌스탠다드테크놀로지,083450,2021/12,43.9,2753.55,26.27,37.24,1.95
(주)금화피에스시,036190,2021/12,41.59,8402.24,7.87,8.93,0.77
(주)기가레인,049080,2021/12,30.3,59.04,2.88,48.63,0.71
(주)기산텔레콤,035460,2021/12,38.9,283.06,-8.31,33.32,0.46
(주)까스텔바작,308100,2021/12,32.29,2180.59,-2.73,60.76,0.62
(주)나노,187790,2021/12,4.97,118.56,3.93,99.74,0.56
(주)나노브릭,286750,2021/12,9.18,166.82,-5.93,165.88,0.25
(주)나노신소재,121600,2021/12,54.52,1808.82,5.62,21.17,0.54
(주)나노엔텍,039860,2021/12,52.75,322.38,9.19,16.53,0.56
(주)나래나노텍,137080,2021/12,-14.41,1116.89,16.64,139.06,0.98
(주)나무가,190510,2021/12,8.99,748.92,2.31,154.08,2.22
(주)나스미디어,089600,2021/12,27.43,3419.08,8.85,120.72,0.26
(주)나이벡,138610,2021/12,39.56,452.24,-3.96,94.84,0.26
(주)나이스디앤비,130580,2021/12,46.53,718.16,18.69,26.79,0.87
(주)나인테크,267320,2021/12,4.43,564.92,-9.82,219.15,0.81
(주)내츄럴엔도텍,168330,2021/12,28.71,214.06,-7.09,10.21,0.29
(주)네오리진,094860,2021/12,53.63,319.68,-8.1,26.48,0.64
(주)네오셈,253590,2021/12,56.53,1185.18,3.89,79.54,0.49
(주)네오오토,212560,2021/12,11.26,2162.24,4.07,64.54,0.98
(주)네오위즈,095660,2021/12,19.03,4226.89,4.85,13.09,0.45
(주)네오위즈홀딩스,042420,2021/12,28.03,6684.94,-0.4,0.61,0
(주)네오이뮨텍,950220,2021/12,75.89,7159649.02,-33.41,13.07,0
(주)네오크레마,311390,2021/12,39,1039.8,4,19.52,0.47
(주)네오티스,085910,2021/12,-1.4,750.31,4.42,97.09,0.44
(주)네오팜,092730,2021/12,75.39,3107.87,15.61,10.26,0.64
(주)네오펙트,290660,2021/12,-13.87,168.69,-8.33,93.37,0.08
(주)네온테크,306620,2021/12,8.23,847.52,-5.34,104.07,0.59
(주)네이블커뮤니케이션즈,153460,2021/12,68.97,761.97,8.49,14.06,0.56
(주)네이처셀,007390,2021/12,52.15,94.31,-12.22,14.47,0.29
(주)네패스,033640,2021/12,1.36,1896.52,4.27,98.6,0.82
(주)네패스아크,330860,2021/12,0.28,3199.39,7.48,107.73,0.32
(주)넥스턴바이오사이언스,089140,2021/12,-8.8,517.91,0.54,47.48,0.14
(주)넥스트아이,137940,2021/12,4.52,1123.52,-2.25,37.05,0.12
(주)넥스트엔터테인먼트월드,160550,2021/12,5.47,673.93,0.65,105.58,0.16
(주)넥스틴,348210,2021/12,65.69,1255.79,34.22,15.57,0.88
(주)넥슨게임즈,225570,2021/12,44.46,327.19,-3.59,105.75,0.57
(주)넵튠,217270,2021/12,3.23,2542.49,-1.08,12.87,0.02
(주)노랑풍선,104620,2021/12,-7.4,504.55,-17.35,101.64,0.03
(주)노바렉스,194700,2021/12,8.56,3005.51,12.83,81.53,1.19
(주)노바텍,285490,2021/12,43.81,1138.92,10.6,20.38,0.26
(주)노블엠앤비,106520,2021/12,8.3,69.15,-17.32,159.17,0.29
(주)노터스,278650,2021/12,9.79,7892.92,10.87,42.86,0.6
(주)녹십자엠에스,142280,2021/12,-0.1,240.62,-21.36,158.29,1.05
(주)녹십자웰빙,234690,2021/12,5.15,894.77,6.13,57.43,0.72
(주)녹원씨엔아이,065560,2021/12,-26.3,197.41,-7.25,133.03,0.19
(주)누리플랜,069140,2021/12,-8.68,893.03,0.51,90.42,0.67
(주)누리플렉스,040160,2021/12,11.34,1128.28,-4.02,92.66,0.27
(주)누보,332290,2021/12,,,,,
(주)뉴로스,126870,2021/12,20.56,174.49,1.71,75.71,0.56
(주)뉴보텍,060260,2021/12,-11.27,-11.32,-4.13,288.28,0.88
(주)뉴인텍,012340,2021/12,-0.75,84.46,-0.18,181.93,0.9
(주)뉴트리,270870,2021/12,45.59,1954.39,16.61,50.12,2.03
(주)뉴파워프라즈마,144960,2021/12,13.9,4088.25,3.86,68.1,0.34
(주)뉴프렉스,085670,2021/12,-5.34,285.41,-3.48,187.83,1.43
(주)다나와,119860,2021/12,71.09,2254.23,21.62,9.46,1
(주)다날,064260,2021/12,53.93,957.22,3.44,98.86,0.37
(주)다보링크,340360,2021/12,43.67,475.45,0.17,99.17,1.65
(주)다산네트웍스,039560,2021/12,18.44,1042.94,0.57,25.4,0.12
(주)다우데이타,032190,2021/12,-6.1,873.55,2.23,157.13,0.47
(주)다원시스,068240,2021/12,13.29,1702.42,-2.32,135.84,0.47
(주)대동스틸,048470,2021/12,54.83,1439.72,18.66,41.27,1.76
(주)대륙제관,004780,2021/12,37.68,1434.2,4.42,43.59,1.37
(주)대림제지,017650,2021/12,13.63,4511.05,10.32,27.13,0.72
(주)대명소노시즌,007720,2021/12,53.26,171.23,-10.29,37.03,0.69
(주)대성미생물연구소,036480,2021/12,29.4,1847.56,0.54,69.23,0.38
(주)대성엘텍,025440,2021/12,11.98,-43.25,-5.26,293.13,2.91
(주)대성파인텍,104040,2021/12,1.7,1683.93,1.26,52.29,0.39
(주)대원,007680,2021/12,43.1,4567.45,5.92,51.67,0.58
(주)대유,290380,2021/12,-5.58,995.71,6.17,44.26,0.35
(주)대유에이피,290120,2021/12,-2.16,922.16,5.3,237.79,0.78
(주)대창솔루션,096350,2021/12,-27.16,131.89,-4.39,172.54,0.31
(주)대창스틸,140520,2021/12,-14.95,739.53,3.18,162.64,0.9
(주)대한과학,131220,2021/12,33.76,728.62,8.27,38.4,1.11
(주)대호특수강,021040,2021/12,16.76,35.02,4.33,264.04,1.3
(주)더 미동,161570,2021/12,19.55,185.5,-5.53,19.92,0.41
(주)더네이쳐홀딩스,298540,2021/12,22.66,2935.16,21.78,70.62,1.16
(주)더블유아이,073570,2021/12,32.53,291.72,-10.31,69.25,0.34
(주)더블유에스아이,299170,2021/12,56.18,1005.32,15.32,57.43,0.69
(주)더에이치큐,192410,2021/12,13.68,172.98,4.35,97.34,0.35
(주)덕산테코피아,317330,2021/12,35.5,1826.06,11.27,40.88,0.55
(주)덕신하우징,090410,2021/12,14.3,1562.45,2.32,91,1.11
(주)데이타솔루션,263800,2021/12,20.7,251.07,1.41,166.1,1.37
(주)덱스터스튜디오,206560,2021/12,19.67,374.84,-3.78,20.59,0.44
(주)덴티스,261200,2021/12,16.95,429.5,0.27,218.98,0.56
(주)동구바이오제약,006620,2021/12,11,632.03,6,53.71,1.04
(주)동국알앤에스,075970,2021/12,4.14,256.74,1.31,64.96,0.66
(주)동국에스엔씨,100130,2021/12,37.51,910.74,0.33,24.37,0.41
(주)동방선기,099410,2021/12,30.95,323.89,1.47,21.21,0.69
(주)동성화인텍,033500,2021/12,14.77,910.44,12.25,106.92,1.35
(주)동아엘텍,088130,2021/12,43.98,2407.28,5.53,19.1,0.75
(주)동양에스텍,060380,2021/12,21.36,646.95,16.55,88.48,1.7
(주)동우팜투테이블,088910,2021/12,25.23,1258.83,0.28,49.15,1.15
(주)동운아나텍,094170,2021/12,28.16,261.22,-23.68,209.57,0.76
(주)동원개발,013120,2021/12,86.17,2006.91,8.5,28.19,0.36
(주)동일기연,032960,2021/12,66.89,1219.5,3.46,6.33,0.42
(주)동진쎄미켐,005290,2021/12,7.65,1668.77,10.72,101.22,0.93
(주)두산테스나,131970,2021/12,-15.11,2981.25,10.93,103.31,0.42
(주)듀오백,073190,2021/12,24.98,364.64,-10.62,17.74,1.22
(주)드래곤플라이,030350,2021/12,28.63,168.08,-7.2,25.72,0.09
(주)드림시큐리티,203650,2021/12,-1.92,1394.81,2.17,85.82,0.26
(주)드림씨아이에스,223250,2021/12,54.4,1332.55,7.35,49.13,0.5
(주)드림어스컴퍼니,060570,2021/12,9.69,184.18,3.07,213.7,1.13
(주)디딤,217620,2021/12,-15.66,189.97,-8.55,467.65,0.87
(주)디모아,016670,2021/12,20.76,-5.77,0.26,17.83,0.2
(주)디바이스이엔지,187870,2021/12,59.96,3596.62,20.85,44.05,0.73
(주)디스플레이테크,066670,2021/12,43.16,1666.27,1.98,25.83,0.68
(주)디아크,078590,2021/12,24.38,0.71,0.55,85.81,0.17
(주)디알젬,263690,2021/12,50.2,1036.31,15.75,37.35,1.09
(주)디알텍,214680,2021/12,19.07,721.11,3.21,99.44,0.68
(주)디앤씨미디어,263720,2021/12,49.24,844.14,4.6,11.08,0.41
(주)디어유,376300,2021/12,72.47,1024.58,9.91,8.08,0.3
(주)디에스앤엘,141020,2021/12,63.63,-81.22,-10.83,175.41,0.07
(주)디에스케이,109740,2021/12,33.61,1085.79,1.83,9.24,0.31
(주)디에이테크놀로지,196490,2021/12,21.65,53.94,-8.82,56.66,0.33
(주)디에이피,066900,2021/12,4.26,1072.29,3.43,96.44,1.37
(주)디엔에이링크,127120,2021/12,55.06,262.89,-7.4,32.46,0.45
(주)디엔에프,092070,2021/12,26.99,2389.58,7.66,11.49,0.6
(주)디엠에스,068790,2021/12,20.07,1847.82,7.33,63.52,0.54
(주)디오,039840,2021/12,24.08,2603.63,9.46,64.15,0.36
(주)디와이디,219550,2021/12,39.57,-57.25,-63.57,147.69,0.95
(주)디이엔티,079810,2021/12,10.72,243.03,2.11,128.18,0.75
(주)디지아이,043360,2021/12,37.8,921.98,-2.82,9.02,0.29
(주)디지캡,197140,2021/12,16.54,838.39,0.5,33.61,0.31
(주)디지털대성,068930,2021/12,-10.53,906.38,10.87,53.2,1.08
(주)디지틀조선일보,033130,2021/12,41.46,341.83,2.58,11.84,0.36
(주)디케이앤디,263020,2021/12,9.65,448.94,-0.16,72.6,0.61
(주)디케이티,290550,2021/12,62.86,436.06,4.6,197.5,1.25
(주)디티앤씨,187220,2021/12,-18.18,1259.68,-1.36,85.3,0.28
(주)딜리,131180,2021/12,26.92,1932.98,3.04,20.85,0.54
(주)딥노이드,315640,2021/12,80.93,196.36,-51.17,35.23,0.06
(주)라닉스,317120,2021/12,29.27,296.61,-5.43,132.48,0.24
(주)라온테크,232680,2021/12,33.87,690.41,16.48,99.23,1.16
(주)라이온켐텍,171120,2021/12,32.82,1242.13,6.78,21.5,1.08
(주)라이트론,069540,2021/12,37.4,351.79,-3.18,42.11,0.59
(주)라이프시맨틱스,347700,2021/12,74.64,158.08,-28.2,154.89,0.22
(주)라파스,214260,2021/12,28.59,1114.24,-0.83,68.55,0.23
(주)래몽래인,200350,2021/12,52.06,1334.8,6.57,61.2,0.82
(주)랩지노믹스,084650,2021/12,59.38,2813.35,67.21,28.7,1.29
(주)러셀,217500,2021/12,61.97,1492.18,10.71,27.46,0.88
(주)레고켐바이오사이언스,141080,2021/12,72.27,1799.4,-12.91,13.32,0.15
(주)레드로버,060300,2021/12,8.81,-39.11,-7.95,130.84,0.24
(주)레드캡투어,038390,2021/12,-25.66,4193.98,4.35,174.81,0.47
(주)레몬,294140,2021/12,11.87,52.19,-18.08,62.46,0.46
(주)레이,228670,2021/12,60.26,1290.87,-1.23,46.56,0.58
(주)레이언스,228850,2021/12,74.22,2572.05,10.75,9.8,0.51
(주)레이크머티리얼즈,281740,2021/12,9.31,783.61,18.51,133.2,0.72
(주)레인보우로보틱스,277810,2021/12,88.62,478.88,-2.72,33.38,0.24
(주)로보로보,215100,2021/12,52.84,1394.32,-2.8,2.13,0.21
(주)로보스타,090360,2021/12,37.95,1622,0.22,45.52,1.06
(주)로보티즈,108490,2021/12,48.8,1119.67,-2.36,14.28,0.26
(주)로지시스,067730,2021/12,50.34,288.41,4.19,39.71,1.36
(주)루멘스,038060,2021/12,25.61,230.52,4.24,126.52,0.77
(주)루트로닉,085370,2021/12,46.25,885.91,15.08,38.14,0.81
(주)룽투코리아,060240,2021/12,59.84,445.17,-4.81,7.74,0.44
(주)리노스,039980,2021/12,71.54,233.93,1.89,28.66,0.97
(주)리더스기술투자,019570,2021/03,,,,,
(주)리더스코스메틱,016100,2021/12,-16.02,566.01,-7.45,52.56,0.31
(주)리드,197210,2022,,,,,
(주)리드코프,012700,2021/12,-3.88,2523.21,4.67,192.02,0.46
(주)리메드,302550,2021/12,55.8,783.79,2.41,188.15,0.27
(주)리파인,377450,2021/12,86.53,8041.16,21.35,9.1,0.6
(주)링네트,042500,2021/12,38.75,993.17,7.86,75.55,1.69
(주)링크제니시스,219420,2021/12,69.38,3456.42,9.8,17.49,0.35
(주)마니커에프앤지,195500,2021/12,39.44,717.94,0.05,63.52,0.88
(주)마이더스AI,222810,2021/12,-2.06,176.52,1.96,62.75,0.2
(주)마이크로디지탈,305090,2021/12,38.27,226.61,-22.96,183.59,0.15
(주)마이크로컨텍솔루션,098120,2021/12,41.41,902.41,15.51,22.54,1.29
(주)마이크로프랜드,147760,2021/12,32.75,929.53,15.03,25.9,0.89
(주)마인즈랩,377480,2021/12,55.46,876.61,-24.52,17.65,0.24
(주)마크로밀엠브레인,169330,2021/06,51.9,406.2,13.61,38.3,1.06
(주)마크로젠,038290,2021/12,7.82,3248.02,3.31,47.57,0.46
(주)매직마이크로,127160,2022,,,,,
(주)매커스,093520,2021/12,41.84,987.26,17.53,82.14,1.11
(주)맥스트,377030,2021/12,73.19,263.66,-23.16,19.49,0.13
(주)머큐리,100590,2021/12,34.29,1071.55,4.09,72.66,0.88
(주)멀티캠퍼스,067280,2021/12,20.4,4275.16,11.79,88.45,1.38
(주)메드팩토,235980,2021/12,93,324.47,-30.63,206.23,0
(주)메디아나,041920,2021/12,65.1,888.49,10.17,14.44,0.68
(주)메디콕스,054180,2021/12,-14.26,39.98,-10,54.03,0.19
(주)메디톡스,086900,2021/12,7.53,13948.12,8.9,40.88,0.34
(주)메디프론디비티,065650,2021/12,26.69,93.92,1.83,16.1,1.05
(주)메지온,140410,2021/12,52.52,1310.93,-7.38,30.26,0.35
(주)메카로,241770,2021/12,30.49,2899.19,5.14,9.75,0.52
(주)메타바이오메드,059210,2021/12,5.74,417.37,3.76,65.06,0.53
(주)멕아이씨에스,058110,2021/12,59.12,871.96,15.06,25.48,0.54
(주)멜파스,096640,2021/12,-13.33,133.29,1.48,68.79,0.38
(주)모다이노칩,080420,2021/12,-14.18,803.99,2.94,129.94,0.18
(주)모두투어네트워크,080160,2021/12,14.31,892.64,-15.58,89.59,0.03
(주)모바일리더,100030,2021/12,5.25,2452.97,0.96,41.57,0.12
(주)모베이스,101330,2021/12,17.46,1328.92,5.3,23.74,0.14
(주)모베이스전자,012860,2021/12,-15.63,382.97,1.62,227.15,1.13
(주)모비데이즈,363260,2021/12,,,,,
(주)모비릭스,348030,2021/12,66.57,7811.72,16.56,9.36,0.94
(주)모비스,250060,2021/12,40.95,606.39,-8.23,60.68,0.04
(주)모아데이타,288980,2021/12,37.2,748.08,12.26,28.63,0.89
(주)모아텍,033200,2021/03,59.25,1125.2,-2.55,8.23,0.35
(주)모헨즈,006920,2021/12,18.45,160.09,0.63,56.14,1.33
(주)미래생명자원,218150,2021/12,65.14,1721.48,4.28,57.08,0.93
(주)미래컴퍼니,049950,2021/12,29.89,2502.43,3.16,54.95,0.81
(주)미코,059090,2021/12,-8.98,1242.63,1.31,57.36,0.18
(주)미코바이오메드,214610,2021/12,64.34,464.37,-12.9,70.03,0.38
(주)미투온,201490,2021/12,-30.13,275.09,0.25,55.27,0.15
(주)민앤지,214180,2021/12,20.6,1983.24,18.3,11.5,0.52
(주)바른손,018700,2021/12,52.99,120.1,-5.33,14.92,0.41
(주)바른손이앤에이,035620,2021/12,-4.34,228.78,0.8,22.57,0.06
(주)바른전자,064520,2021/12,26.42,-1.52,1.86,44.54,1.1
(주)바이넥스,053030,2021/12,25.82,1112.42,5.08,49.99,0.49
(주)바이브컴퍼니,301300,2021/12,23.01,1017.15,-8.87,210.16,0.58
(주)바이오니아,064550,2021/12,29.76,1306.43,14.84,22.8,0.65
(주)바이오다인,314930,2021/12,45.12,1489.29,-6.59,19.03,0.11
(주)바이오로그디바이스,208710,2021/12,4.43,665.68,-2.26,128.83,1.09
(주)바이오솔루션,086820,2021/12,40.46,1010.28,-2.18,109.73,0.16
(주)바이오스마트,038460,2021/12,4.03,820.67,6.7,54.19,0.56
(주)바이오에프디엔씨,251120,2021/12,10.51,329.51,15.43,45.06,0.59
(주)바이오톡스텍,086040,2021/12,-11.22,451.58,6.51,119.07,0.43
(주)바텍,043150,2021/12,36.56,3495.68,15.57,34.24,0.69
(주)박셀바이오,323990,2021/12,88.9,295.2,-17.68,3.98,0
(주)배럴,267790,2021/12,52.55,822.21,-11.87,41.49,0.41
(주)백금티앤에이,046310,2021/12,23.76,330.39,3.25,67.86,1.09
(주)버킷스튜디오,066410,2021/12,2.91,432.42,-1.11,108.05,0.14
(주)베노홀딩스,206400,2021/12,13.55,541.1,2.09,49.01,0.18
(주)베셀,177350,2021/12,-10.79,450.06,-11.74,128.37,0.18
(주)베스파,299910,2021/12,-26.16,0,-89.83,0,1.01
(주)보광산업,225530,2021/12,28.34,363.9,9.75,66.6,0.53
(주)보라티알,250000,2021/12,15.88,1654.55,6.11,47.08,0.64
(주)본느,226340,2021/12,-19.75,839.25,0.05,163.12,0.33
(주)부-스타,008470,2021/12,48.81,1830.86,-0.01,21.31,1.03
(주)부방,014470,2021/12,-20.84,559.75,0.33,42.89,0.01
(주)뷰노,338220,2021/12,48.77,1930.27,-77.66,57.13,0.1
(주)뷰웍스,100120,2021/12,41.77,4246.18,16.33,25.84,0.83
(주)브랜드엑스코퍼레이션,337930,2021/12,45.84,406.81,15.13,25.6,1.83
(주)브리지텍,064480,2021/12,27.65,560.28,6.17,48.65,1.07
(주)브이씨,365900,2021/12,35.27,1006.39,16.18,76.47,1.03
(주)브이원텍,251630,2021/12,33.64,1246.42,7.27,26.8,0.4
(주)브이티지엠피,018290,2021/12,8.06,531.18,11.45,72.77,0.95
(주)블루베리엔에프티,044480,2021/12,23.02,185.98,-5.24,47.8,0.19
(주)블루콤,033560,2021/12,17.52,1568.2,2.15,11.35,0.39
(주)블리츠웨이,369370,2021/12,78.14,357.76,14.9,26.1,0.77
(주)비덴트,121800,2021/12,7.18,2401.64,0.12,31.11,0.03
(주)비보존헬스케어,082800,2021/12,15.13,-3.33,-6.67,72.27,0.05
(주)비씨월드제약,200780,2021/12,8.48,5894.16,2.45,65.78,0.36
(주)비아트론,141000,2021/12,28.75,2526.54,6.49,19.25,0.43
(주)비에이치,090460,2021/12,41.96,2090.94,17.18,54.07,0.99
(주)비엔지티,032790,2021/12,38.84,195.65,-3.06,22.77,0.38
(주)비엘,142760,2021/12,37.16,372.92,-7.85,34.53,0.2
(주)비엘팜텍,065170,2021/12,14.52,39.14,-1.85,36.5,0.39
(주)비엠티,086670,2021/12,21.51,1860.73,3.65,128.28,0.66
(주)비올,335890,2021/12,77.14,363.42,21.28,12.65,0.69
(주)비즈니스온커뮤니케이션,138580,2021/12,20.54,476.08,9.85,9.36,0.28
(주)비츠로셀,082920,2021/12,39.49,1472.86,8.54,23.69,0.57
(주)비츠로시스,054220,2022/03,40.4,11.89,2.04,52.34,0.96
(주)비츠로시스,054220,2021/03,-50.3,-62.93,-35.74,225.03,0.26
(주)비츠로테크,042370,2021/12,8.27,736.81,3.5,10.51,0.12
(주)비케이홀딩스,050090,2021/12,50.11,-33.81,-7.14,68.19,0.22
(주)비투엔,307870,2021/12,49.67,501.81,7.62,62.29,0.87
(주)비트나인,357880,2021/12,77.81,526.08,0.32,5.64,0.69
(주)비트컴퓨터,032850,2021/12,24.63,619.39,8.44,21.27,0.49
(주)비피도,238200,2021/12,39.59,1142.15,-1.95,7.26,0.22
(주)빅솔론,093190,2021/12,50.88,1841.64,7.27,12.72,0.5
(주)빅텍,065450,2021/12,28.31,917.22,6.94,59.31,1
(주)사람인에이치알,143240,2021/12,5.37,2528.11,24.01,26.06,0.61
(주)삼기,122350,2021/12,-16.66,3770.76,-2.94,190.65,1.06
(주)삼보판지,023600,2021/12,7.92,2874.58,4.46,29.45,0.81
(주)삼양옵틱스,225190,2021/12,43.11,660.93,24.98,37.14,1.19
(주)삼에스코리아,060310,2021/03,2.59,52.84,-2.84,48.48,0.44
(주)삼영에스앤씨,361670,2021/12,77.6,824.06,-2.46,11.76,0.53
(주)삼일,032280,2021/12,-17.17,270.35,-2.62,68.09,0.81
(주)삼일기업공사,002290,2021/12,74.53,895.23,4.68,18.7,1.04
(주)삼진,032750,2021/12,44.58,2661.96,1.21,15.16,1.27
(주)삼진엘앤디,054090,2021/12,20.16,606.46,0.95,59.57,0.65
(주)삼표시멘트,038500,2021/12,-3.59,1054.9,2.36,90.43,0.47
(주)삼화네트웍스,046390,2021/12,38.16,451.7,14.44,63.49,0.62
(주)상보,027580,2021/12,6.95,128.11,3.86,85.67,0.64
(주)상상인,038540,2021/12,6.5,346.06,2.04,11.18,0.22
(주)상상인인더스트리,101000,2021/12,11.7,-31.51,-7.95,90.85,1.15
(주)상아프론테크,089980,2021/12,28.83,2223.87,5.08,47.19,0.53
(주)상지카일룸,042940,2021/12,32.71,81.26,-3.1,20.92,0.12
(주)새로닉스,042600,2021/12,-34.39,796.8,-2.51,145.49,0.55
(주)샘씨엔에스,252990,2021/12,66.89,329.08,13.14,50.12,0.46
(주)서남,294630,2021/12,12.98,-7.72,-19.27,119.51,0.06
(주)서린바이오사이언스,038070,2021/12,55.59,1751.42,7.32,80.45,0.73
(주)서부티엔디,006730,2021/12,-8.6,2101.5,-0.02,175.66,0.05
(주)서산,079650,2021/12,64.54,1809.83,7.16,11.06,0.61
(주)서연탑메탈,019770,2021/12,26.09,1203.16,9.38,62.65,1.2
(주)서울리거,043710,2021/12,36.34,32.67,10.09,23.65,0.36
(주)서울옥션,063170,2021/12,12.07,828.91,13.42,122.53,0.5
(주)서울제약,018680,2021/12,-6.41,344.78,-8.97,228.36,0.64
(주)서원인텍,093920,2021/12,74.27,1758.99,1.98,8.32,0.71
(주)서전기전,189860,2021/12,13.63,668.92,-4.87,35.79,0.98
(주)서진시스템,178320,2021/12,5.78,2130.81,-0.7,152.32,0.16
(주)서진오토모티브,122690,2021/12,-24.91,543.48,1.86,233.12,0.71
(주)서플러스글로벌,140070,2021/12,27.59,4291.44,10.81,69.52,0.78
(주)서한,011370,2021/12,46.62,616.58,8.6,108.72,0.94
(주)서희건설,035890,2021/12,24.28,519.7,17.66,90.49,1.09
(주)석경에이티,357550,2021/12,50.07,767.28,10.74,11.66,0.34
(주)선광,003100,2021/12,1.28,5214.46,5.21,30.36,0.19
(주)선익시스템,171090,2021/12,36.73,1792.83,-6.66,25.51,0.43
(주)성광벤드,014620,2021/12,40.86,2903.48,-1.49,8.28,0.25
(주)성도이엔지,037350,2021/12,12.98,2460.63,5.93,72.89,1.31
(주)성우하이텍,015750,2021/12,7.29,2492.48,2,81.67,0.67
(주)성창오토텍,080470,2021/12,11.38,1038.56,5.77,85.16,1.08
(주)세경하이테크,148150,2021/12,43.6,2228.13,3.86,48.13,0.7
(주)세동,053060,2021/12,-17.59,7.29,3.46,882.87,1.44
(주)세림비앤지,340440,2021/12,21.77,855.23,4.79,67.65,1.09
(주)세보엠이씨,011560,2021/12,35.33,2967.53,2.86,94.57,1.39
(주)세아메카닉스,396300,2021/12,24.11,1718.79,10.51,35.23,2.07
(주)세운메디칼,100700,2021/12,52.67,2529.7,12.94,7.96,0.52
(주)세원물산,024830,2021/12,15.19,5496.68,4.91,28.82,0.68
(주)세종메디칼,258830,2021/12,45.49,1299.74,-0.99,64.22,0.22
(주)세중,039310,2021/12,34.22,864.38,2.63,51.23,0.75
(주)세진티에스,067770,2021/12,61.31,908.22,6.56,3.31,0.4
(주)세코닉스,053450,2021/12,-8.29,926.42,5.01,248.18,1.5
(주)세화피앤씨,252500,2021/12,61.36,773,14.54,13.46,1.06
(주)센코,347000,2021/12,57.84,891.77,4.02,67.36,0.42
(주)셀레믹스,331920,2021/12,77.86,472.9,-20.8,15.02,0.28
(주)셀루메드,049180,2021/12,14.69,129.69,3.27,59.93,0.35
(주)셀리드,299660,2021/12,32.55,696.63,-24.17,50.3,0.02
(주)셀리버리,268600,2021/12,55.18,732.24,-31.24,55.03,0.01
(주)셀바스에이아이,108860,2021/12,25.08,353.61,3.76,41.51,0.28
(주)셀바스헬스케어,208370,2021/12,20.67,161.15,6.47,72.11,0.59
(주)셀트리온제약,068760,2021/12,11.17,1757.91,8.06,92.15,0.67
(주)셀트리온헬스케어,091990,2021/12,54.93,1360.41,2.56,61.89,0.41
(주)소룩스,290690,2021/12,2.46,5705.75,7.2,54.12,1
(주)소리바다,053110,2021/12,-31.96,91.34,-9.08,642.84,0.23
(주)소마젠,950200,2021/12,37.62,1405.35,-16.12,45.08,0.6
(주)소프트센,032680,2021/12,-2.39,179.8,22.91,53.9,0.66
(주)손오공,066910,2021/12,37.37,61.13,2.37,108.59,1.67
(주)솔고바이오메디칼,043100,2021/12,4.51,-2.76,-9.07,66.53,0.33
(주)솔루에타,154040,2021/12,-32.2,521.67,-0.46,198.92,0.32
(주)솔본,035610,2021/12,6.22,1192.55,0.86,1.94,0.02
(주)솔트룩스,304100,2021/12,29.87,964.51,-4.5,46.34,0.32
(주)쇼박스,086980,2021/12,55.66,339.16,1.4,16.77,0.33
(주)수산아이앤티,050960,2021/12,27.41,2275.33,6.26,5.88,0.25
(주)수젠텍,253840,2021/12,51.71,1202.81,30.49,54.36,0.68
(주)슈프리마,236200,2021/12,41.71,4645.88,9.84,5.53,0.41
(주)슈프리마아이디,317770,2021/12,79.26,2747.52,6.72,5.93,0.32
(주)슈프리마에이치큐,094840,2021/12,23.03,2590.02,2.76,4.79,0.12
(주)슈피겐코리아,192440,2021/12,38,9623.53,7.5,14.98,0.81
(주)스맥,099440,2021/12,-5.53,393.39,-8.68,244.21,0.67
(주)스카이문스테크놀로지,033790,2021/12,39.62,154.65,8.4,15.79,0.44
(주)스카이이앤엠,131100,2021/06,-2.34,488.06,-17.29,84.6,0.32
(주)스코넥엔터테인먼트,276040,2021/12,-36.72,0,-47.37,0,0.92
(주)스킨앤스킨,159910,2021/12,73.54,6.42,3.66,12.84,1
(주)스타플렉스,115570,2021/12,-1.11,957.88,-12.28,91.89,0.7
(주)스튜디오산타클로스엔터테인먼트,204630,2021/12,-19.54,1472.93,-0.38,95.67,0.4
(주)스페코,013810,2021/12,9.17,589.29,2.32,76.32,0.35
(주)승일,049830,2021/12,25.11,4675.96,2.17,24.77,0.83
(주)시공테크,020710,2021/12,23.57,861.55,-0.78,38.1,0.65
(주)시너지이노베이션,048870,2021/12,-19.91,153.86,1.65,46.17,0.14
(주)시노펙스,025320,2021/12,-11.92,160.78,1.42,74.35,0.7
(주)시스웍,269620,2021/12,-32.35,356.64,-17.92,161.9,0.15
(주)시큐브,131090,2021/12,78.88,870.63,13.89,9.49,0.33
(주)시티랩스,139050,2021/12,-17.99,-0.63,-4.95,52.84,0.22
(주)신도기연,290520,2021/12,38.33,1515.3,-3.07,30.67,0.48
(주)신진에스엠,138070,2021/12,30.08,1572.48,3.42,34.22,0.47
(주)신테카바이오,226330,2021/12,82.61,309.5,-15.8,144.75,0.01
(주)신화콘텍,187270,2021/12,13.3,929.45,3.87,76.31,0.47
(주)실리콘투,257720,2021/12,67.41,1594.81,11.41,6.9,1.81
(주)심텍,222800,2021/12,-12.95,1940.03,22.04,103.37,1.72
(주)심텍홀딩스,036710,2021/12,-1.83,585.43,0.35,23.36,0.05
(주)싸이맥스,160980,2021/12,32.97,2785.15,17.03,39.03,1.15
(주)싸이버원,356890,2021/12,64.98,1036.51,7.45,12.34,0.98
(주)싸이토젠,217330,2021/12,66.27,790.49,-30.68,141.33,0.01
(주)썸에이지,208640,2021/12,65.11,250,7.85,6.91,0.88
(주)쎄노텍,222420,2021/12,13.61,674.98,3.13,187.96,0.39
(주)쎄니트,037760,2021/12,-1.36,322.48,3.38,74.52,0.67
(주)쎄트렉아이,099320,2021/12,68.39,2689.97,3.92,75.7,0.42
(주)쎌바이오텍,049960,2021/12,54.39,2618.3,5.97,4.64,0.4
(주)쏠리드,050890,2021/12,-3.93,567.03,2.6,71.27,0.53
(주)씨씨에스충북방송,066790,2021/12,29.6,0.13,-0.74,17.69,0.58
(주)씨앤씨인터내셔널,352480,2021/12,25.01,12083.69,0.59,32.73,0.59
(주)씨앤투스성진,352700,2021/12,44.46,976.62,34.19,19.85,1.04
(주)씨에스,065770,2021/12,48.03,121.72,0.73,60.72,1.3
(주)씨에스에이코스믹,083660,2021/12,11.34,-25.16,8.91,199.54,1.32
(주)씨엔알리서치,359090,2021/12,-1.41,500.65,8.49,128.91,0.6
(주)씨엔플러스,115530,2021/12,3.61,39.66,-0.97,140.9,1.06
(주)씨유메디칼시스템,115480,2021/12,46.9,112.02,5.95,45.83,0.43
(주)씨이랩,189330,2021/12,70.98,713.92,-9.28,27.84,0.27
(주)씨제이이엔엠,035760,2021/12,-2.02,3150.86,5.91,81.31,0.52
(주)씨젠,096530,2021/12,55.06,3996.88,46.91,35.26,0.94
(주)씨티씨바이오,060590,2021/12,9.29,786.07,1.18,58.62,0.65
(주)씨티케이,260930,2021/12,25.15,1956.66,0.47,8.41,0.41
(주)아가방앤컴퍼니,013990,2021/12,25.43,805.41,3.93,29.16,0.75
(주)아나패스,123860,2021/12,34.98,770.01,7.8,122.39,0.48
(주)아난티,025980,2021/12,7.2,3783.07,10.54,95.44,0.22
(주)아리온테크놀로지,058220,2022,,,,,
(주)아모그린텍,125210,2021/12,6.44,409.54,1.6,171.94,1.11
(주)아모센스,357580,2021/12,15.8,503.47,-4.65,124.92,0.84
(주)아모텍,052710,2021/12,0.68,4107.04,-4.36,117.86,0.38
(주)아미노로직스,074430,2021/12,51.04,576.29,6.55,9.84,0.36
(주)아바코,083930,2021/12,32.41,1996.13,4.35,68.09,0.73
(주)아바텍,149950,2021/12,21.33,1807.53,-1.58,8.39,0.53
(주)아세아텍,050860,2021/06,48.66,851.23,4.54,21.96,0.82
(주)아셈스,136410,2021/12,12.73,569.45,6.08,109.72,0.61
(주)아스타,246720,2021/12,76.12,40.41,-32.15,24.27,0.26
(주)아스트,067390,2021/12,1.35,1019.87,-0.55,150.58,0.21
(주)아스플로,159010,2021/12,5.17,2084.23,5.38,90.01,0.71
(주)아시아경제,127710,2021/12,31.28,948.49,2.23,49.87,0.22
(주)아우딘퓨쳐스,227610,2021/12,9.33,77.51,-16.34,183.61,0.83
(주)아이디스,143160,2021/12,35.68,3286.24,7.86,23.46,0.86
(주)아이디스홀딩스,054800,2021/12,-32.31,3316.22,1,66.37,0.03
(주)아이비김영,339950,2021/12,15.07,976.87,23.48,45.91,1
(주)아이센스,099190,2021/12,34.81,3926.66,9.1,46.91,0.56
(주)아이스크림에듀,289010,2021/12,35.28,976.51,-7.28,34.84,1.36
(주)아이씨디,040910,2021/12,32.35,1888.35,0.04,38.32,0.46
(주)아이씨케이,068940,2021/12,21.66,42.44,-26.2,407.24,0.71
(주)아이앤씨테크놀로지,052860,2021/12,11.64,420.2,-8.06,49.36,0.47
(주)아이에스시,095340,2021/12,16.26,2801.06,12.72,19.87,0.54
(주)아이에스이커머스,069920,2021/12,57.34,440.99,-11.78,23.28,0.14
(주)아이에이,038880,2021/12,13.7,322.12,3.28,20.24,0.3
(주)아이엘사이언스,307180,2021/12,-31.42,157.28,1.06,908.51,0.79
(주)아이엠,101390,2021/12,10.29,1167.05,4.03,96.96,0.49
(주)아이엠비씨,052220,2021/12,8.92,378.89,2.86,22.95,0.54
(주)아이오케이컴퍼니,078860,2021/12,37.87,225.84,-4.84,8.82,0.13
(주)아이윈,090150,2021/12,13.23,705.73,2.9,72.72,0.84
(주)아이윈플러스,123010,2021/12,40.25,374.4,-7.36,64.52,0.21
(주)아이즈비전,031310,2021/12,5.47,1184.91,2.34,14.78,0.22
(주)아이컴포넌트,059100,2021/12,17.53,817.09,4.13,59.06,0.73
(주)아이퀘스트,262840,2021/12,28.72,4246.67,8.69,27.25,0.38
(주)아이톡시,052770,2021/12,26.9,-46.96,-40.25,137.1,0.97
(주)아이티센,124500,2021/12,-17.4,456.14,1.4,109.31,0.38
(주)아이티아이즈,372800,2021/12,56.42,925.38,-7.57,64.37,1.95
(주)아이티엑스에이아이,099520,2021/12,32.21,-29.25,-17,163.36,0.85
(주)아이티엠반도체,084850,2021/12,23.84,2580.6,4.45,115.9,0.96
(주)아이패밀리에스씨,114840,2021/12,72.62,1916.01,13.46,27.55,1.72
(주)아즈텍더블유비이,032080,2021/12,34.41,939.02,-0.28,30.74,0.27
(주)아진엑스텍,059120,2021/12,55.55,836.35,10.35,15.1,0.84
(주)아톤,158430,2021/12,24.69,2393.96,11.52,84.35,0.51
(주)아프리카티비,067160,2021/12,29.43,3707.53,27.95,89.78,0.78
(주)안랩,053800,2021/12,43.93,5100.03,7.75,31.87,0.66
(주)안트로젠,065660,2021/12,37.75,2380.76,-2.27,16.97,0.07
(주)알로이스,297570,2021/12,78.72,629.27,20.7,64.43,1.09
(주)알비더블유,361570,2021/12,-3.64,1239.39,7.74,73.68,0.46
(주)알에프세미,096610,2021/12,2.58,564.11,-15.99,151.99,0.4
(주)알에프텍,061040,2021/12,37.54,854.28,3.58,23.69,0.95
(주)알엔투테크놀로지,148250,2021/12,24.73,1097.03,2.81,67.49,0.38
(주)알체라,347860,2021/12,85.39,141.18,-21.55,349.56,0.19
(주)알테오젠,196170,2021/12,63.02,614.17,-3.37,23.67,0.11
(주)알톤스포츠,123750,2021/12,60.82,334.99,16.08,31.62,1.58
(주)알티캐스트,085810,2021/12,34.59,362.08,3.41,11.64,0.27
(주)알파홀딩스,117670,2021/12,17.94,732.74,1.03,70.75,0.51
(주)압타머사이언스,291650,2021/12,73.31,604.92,-11.59,5.72,0.01
(주)애니플러스,310200,2021/12,49.08,1313.05,13.07,114.68,0.39
(주)애드바이오텍,179530,2021/12,-18.82,36.28,-7.41,302.97,0.59
(주)액션스퀘어,205500,2021/12,81.53,105.23,-6.72,22,0.14
(주)액토즈소프트,052790,2021/12,14.12,2289.93,4.75,10.62,0.23
(주)액트로,290740,2021/12,56.22,1443.02,-0.12,11.68,0.36
(주)앤디포스,238090,2021/12,68.41,1298.5,3.39,10.64,0.35
(주)앤씨앤,092600,2021/12,27.6,473.81,2.39,46.01,0.91
(주)앱코,129890,2021/12,49.5,1391.98,-6.73,69.86,0.75
(주)야스,255440,2021/12,29.88,2369.56,0.68,39.72,0.23
(주)양지사,030960,2021/06,60.44,2299.44,-0.92,10.83,0.2
(주)어스앤에어로스페이스,263540,2021/12,-32.83,39.82,-7.48,3432.1,0.51
(주)얼라인드제네틱스,238120,2021/12,45.44,660.42,6.01,26.9,0.34
(주)에너토크,019990,2021/12,39.37,838.22,3.84,14.77,0.46
(주)에디슨이브이,136510,2021/12,-11.35,203.47,-0.62,149.38,0.43
(주)에스디생명공학,217480,2021/12,-1.53,280.96,-24.85,162.88,0.63
(주)에스디시스템,121890,2021/12,28.24,67.62,9.65,77.72,1.61
(주)에스비에스콘텐츠허브,046140,2021/12,52.38,1537.87,5,30.11,0.81
(주)에스씨디,042110,2021/12,41.84,321.8,5.2,50.13,1.25
(주)에스아이리소스,065420,2021/12,54.92,174.28,11.26,9.32,1.18
(주)에스앤더블류,103230,2021/12,21.71,975.99,-0.58,37.47,0.56
(주)에스앤디,260970,2021/12,68.09,3297.15,14.29,20.67,0.96
(주)에스앤에스텍,101490,2021/12,37.46,1547.49,6.7,13.03,0.51
(주)에스에너지,095910,2021/12,11.45,888.89,-11.61,113.19,0.97
(주)에스에스알,275630,2021/12,76.05,750.6,6.01,10.26,0.39
(주)에스에이엠티,031330,2021/12,40.42,383.05,17.44,79.15,5.07
(주)에스에이티,060540,2021/12,18.55,502.53,6.52,9.3,0.25
(주)에스에이티이엔지,351320,2021/12,34.58,1248.06,7.37,71.51,0.8
(주)에스에프에이,056190,2021/12,34.8,5885.88,7.26,21.51,0.6
(주)에스에프에이반도체,036540,2021/12,19.86,270.51,9.66,64.93,1.24
(주)에스엘바이오닉스,214310,2021/12,-20.93,1979.9,-10.66,55.87,0.32
(주)에스엠라이프디자인그룹,063440,2021/12,54.6,111.25,2.81,15.65,0.69
(주)에스엠엔터테인먼트,041510,2021/12,23.59,3798.73,11.88,56.03,0.67
(주)에스엠컬처앤콘텐츠,048550,2021/12,10.01,111.58,0.4,223.58,0.45
(주)에스엠코어,007820,2021/12,53.43,584.32,-2.69,35.01,0.82
(주)에스제이그룹,306040,2021/12,47.04,1900.6,16.23,46.84,0.89
(주)에스지엔지,040610,2021/12,-6.48,521.98,-0.34,48.92,0.23
(주)에스코넥,096630,2021/12,16.8,494.87,7.72,77.08,0.68
(주)에스텍파마,041910,2021/12,56.93,1969.66,3.39,8.67,0.47
(주)에스티아이,039440,2021/12,28.61,2562.09,9.01,62.79,0.94
(주)에스티오,098660,2021/12,21.58,393.62,0.27,108.66,1.01
(주)에스티큐브,052020,2021/12,34.08,92.39,-29.25,28.65,0.16
(주)에스폴리텍,050760,2021/12,25.54,808.55,4.49,57.17,0.92
(주)에스피시스템스,317830,2021/12,-0.66,3935.12,-1.71,105.03,0.41
(주)에스피지,058610,2021/12,11.8,1139.33,4.18,99.38,1.04
(주)에쎈테크,043340,2021/12,9.64,-32.88,-0.74,258.91,0.76
(주)에이디칩스,054630,2021/12,24.6,-12.01,-9.02,53,0.51
(주)에이디테크놀로지,200710,2021/12,36.78,2326.2,6.83,39.85,1.4
(주)에이루트,096690,2021/12,46.55,75.09,-1.67,11.56,0.28
(주)에이비프로바이오,195990,2021/12,22.24,19.37,-2.56,18.25,0.07
(주)에이스침대,003800,2021/12,9.35,5027.44,12.68,14.21,0.57
(주)에이스테크놀로지,088800,2021/12,-16.79,239.2,-6.14,287.23,0.48
(주)에이스토리,241840,2021/12,40.22,1055.89,8.86,105.04,0.77
(주)에이치비테크놀러지,078150,2021/12,26.02,310.48,-8.69,54.24,0.64
(주)에이치시티,072990,2021/12,5.68,2009.85,12.21,50.69,0.61
(주)에이치알에스,036640,2021/12,37.81,1132.19,17.28,20.89,0.78
(주)에이치앤비디자인,227100,2021/12,59.78,747.41,-25.05,17.31,0.19
(주)에이치엘사이언스,239610,2021/12,51.81,4068.47,13.16,9.75,0.93
(주)에이치케이,044780,2021/12,25.48,483.5,2.83,57.3,0.72
(주)에이치피오,357230,2021/12,26.08,1307.75,14.07,9.14,1.01
(주)에이텍,045660,2021/12,31.39,2053.45,3.13,11.84,0.72
(주)에이텍티앤,224110,2021/12,9.5,1394.35,1.23,13.2,0.56
(주)에이트원,230980,2021/12,-6.11,412.3,-7.09,90.3,0.07
(주)에이티넘인베스트먼트,021080,2021/12,,,,,
(주)에이티세미콘,089530,2021/12,-28.9,195.14,-7.08,319.33,0.63
(주)에이팩트,200470,2021/12,-5.41,699.84,3.26,63.72,0.38
(주)에이프로,262260,2021/12,30.93,1632.75,-3.3,63.55,0.68
(주)에이프로젠헬스케어앤게임즈,109960,2021/12,47.97,148.25,-0.52,1.93,0.03
(주)에치에프알,230240,2021/12,14.44,1381.36,7.32,113.86,0.95
(주)에코마케팅,230360,2021/12,36.23,4158.04,13.13,39.36,0.29
(주)에코프로,086520,2021/12,18.59,4661.8,0.57,41.71,0.02
(주)에코프로비엠,247540,2021/12,8.03,4817.24,12.7,120.72,1.48
(주)에코프로에이치엔,383310,2021/12,,,,,
(주)에프알텍,073540,2021/12,-10.32,664.45,-2.95,72.25,0.33
(주)에프앤가이드,064850,2021/12,17.88,786.74,6.52,87.92,0.33
(주)에프앤리퍼블릭,064090,2021/12,47.72,99.07,-30.01,65.06,0.93
(주)에프에스엔,214270,2021/12,5.52,924.62,0.67,21.71,0.23
(주)에프에스티,036810,2021/12,14.44,1673.02,12.33,50.32,0.86
(주)에프엔씨엔터테인먼트,173940,2021/12,4.25,616.23,2.29,100.39,0.57
(주)엑사이엔씨,054940,2021/12,-14.18,13.6,-12.65,337.89,1.08
(주)엑세스바이오인코퍼레이션,950130,2021/12,43.66,14812.63,79.86,40.5,1.52
(주)엑셈,205100,2021/12,41.93,2318.01,12.74,15.9,0.42
(주)엑시콘,092870,2021/12,23.01,2146.1,4.98,18.16,0.52
(주)엔바이오니아,317870,2021/12,20.05,368.98,-2.81,101.43,0.23
(주)엔비티,236810,2021/12,25.66,4761.28,5.3,84.91,1.5
(주)엔시스,333620,2021/12,58.14,5084.46,15.78,27.54,0.87
(주)엔에스,217820,2021/12,19.52,783.39,1.37,133.63,0.35
(주)엔에스엔,031860,2021/12,-0.66,71.81,-7.36,51.18,0.29
(주)엔에이치엔벅스,104200,2021/12,12.47,1002.94,6.56,28.37,0.75
(주)엔에프씨,265740,2021/12,16.4,6201.92,7.48,21.6,0.54
(주)엔이능률,053290,2021/12,44.97,884.94,5.06,39.9,0.77
(주)엔젠바이오,354200,2021/12,44.04,173.49,-18.73,29.03,0.15
(주)엔지스테크널러지,208860,2021/12,9.9,7.72,-7.35,468.57,0.13
(주)엔지켐생명과학,183490,2021/12,41.11,1604.67,-16.28,78.65,0.18
(주)엔케이맥스,182400,2021/12,2.99,748.48,-10.79,25.33,0.05
(주)엔켐,348370,2021/12,9.07,2693.96,-9.79,84.67,0.49
(주)엔텔스,069410,2021/12,58.61,951.67,3.63,27.89,0.89
(주)엔투텍,227950,2021/06,5.53,740.46,-2.75,52.29,0.39
(주)엔피,291230,2021/12,9.31,654.54,5.07,24.07,0.57
(주)엔피디,198080,2021/12,27.4,785.55,9.73,50.31,1.42
(주)엔피케이,048830,2021/12,0.4,383.33,4.26,63.97,0.78
(주)엘디티,096870,2021/12,54.73,303.1,12.83,11.95,0.85
(주)엘비루셈,376190,2021/12,42.33,1377.64,9.6,25.68,1.15
(주)엘아이에스,138690,2021/12,-49.03,114.67,-36.18,527.68,0.31
(주)엘앤씨바이오,290650,2021/12,38.64,583.65,9.96,8.08,0.46
(주)엘앤에프,066970,2021/12,45.52,3595.19,4.3,136.18,1
(주)엘앤케이바이오메드,156100,2021/12,40.04,552.52,-19.21,63.61,0.12
(주)엘엑스세미콘,108320,2021/12,56.83,9701.47,38.41,46.73,1.98
(주)엘엠에스,073110,2021/12,9.12,2420.61,0.27,126.69,0.41
(주)엘오티베큠,083310,2021/12,26.63,2168.93,9.08,32.43,1.05
(주)엠게임,058630,2021/12,55.36,653.76,27.63,15.8,0.78
(주)엠로,058970,2021/12,37.78,1425.34,15.21,31.84,0.98
(주)엠아이텍,179290,2021/12,53.63,323.85,18.03,21.25,0.69
(주)엠에스씨,009780,2021/12,17.88,1157.34,12.67,62.04,0.94
(주)엠에스오토텍,123040,2021/12,-19.6,469.87,-0.92,269.67,0.43
(주)엠투아이코퍼레이션,347890,2021/12,52.95,3815.57,16.42,12.32,0.56
(주)엠투엔,033310,2021/12,3.41,616.81,-2.67,38.38,0.18
(주)엠플러스,259630,2021/12,16.86,826.67,-8.79,243.93,0.48
(주)엠피대산,065150,2021/12,20.09,250.44,3.45,61.63,1.33
(주)연우,115960,2021/12,25.95,3885.75,10.92,17.77,0.98
(주)연이비앤티,090740,2021/12,-25.68,220,0.03,102.95,0.12
(주)영림원소프트랩,060850,2021/12,52.15,795.06,8.07,51.93,0.9
(주)영우디에스피,143540,2021/12,38.12,181.82,8.85,41,0.83
(주)예림당,036000,2021/12,44.59,894.79,1.78,2.96,0.13
(주)예선테크,250930,2021/12,14.28,850.75,-1.09,86.82,0.4
(주)예스티,122640,2021/12,-1.59,862.23,-4.71,128.06,0.41
(주)오공,045060,2021/12,15.54,780.78,3.09,26.21,0.69
(주)오디텍,080520,2021/12,34.62,2060.84,2.02,13.18,0.36
(주)오로스테크놀로지,322310,2021/12,55.11,1285.16,3.78,16.15,0.76
(주)오르비텍,046120,2021/12,10.07,382.74,0.62,108.26,0.52
(주)오리엔탈정공,014940,2021/12,21.69,227.07,7.42,32.55,0.64
(주)오리엔트정공,065500,2021/12,-21.63,225.23,2.43,97.82,1.08
(주)오리콤,010470,2021/12,3.46,553.89,2.9,86.88,0.77
(주)오비고,352910,2021/12,80.65,382.07,-28.39,24.12,0.29
(주)오스코텍,039200,2021/12,0.35,99.67,-36.4,39.78,0.08
(주)오스테오닉,226400,2021/12,24.2,324.88,0.91,80.6,0.24
(주)오스템,031510,2021/12,-9.47,701.73,-2.65,78.95,0.41
(주)오이솔루션,138080,2021/12,32.5,2868.62,1.2,26.61,0.5
(주)오킨스전자,080580,2021/12,15.04,322.34,4.36,111.15,0.83
(주)오텍,067170,2021/12,-3.31,1930.15,-0.08,62.37,0.43
(주)오파스넷,173130,2021/12,33.62,405.69,9.08,164.77,1.9
(주)오픈베이스,049480,2021/12,11.97,295.57,4.13,57.22,0.82
(주)오하임아이엔티,309930,2021/12,55.2,1148.23,10.49,53.73,0.93
(주)옵투스제약,131030,2021/12,56.87,1470.66,7.76,10.25,0.42
(주)옵트론텍,082210,2021/12,-19.03,753.89,-12.25,175.58,0.42
(주)옵티팜,153710,2021/12,43.76,324.35,-10.92,32.99,0.35
(주)와이더플래닛,321820,2021/12,63.41,532.95,-15.32,137.84,1.03
(주)와이비엠넷,057030,2021/12,2.18,441.86,4.71,93.69,0.73
(주)와이솔,122990,2021/12,46.16,2140.18,0.52,8.78,0.58
(주)와이어블,065530,2021/12,4.36,221.87,2.58,85.94,0.55
(주)와이엔텍,067900,2021/12,-10.31,1972.42,12.77,47.94,0.41
(주)와이엠텍,273640,2021/12,70.29,1684.46,17.32,6.54,0.75
(주)와이오엠,066430,2021/12,-0.56,144.9,1.25,103.93,1.11
(주)와이제이엠게임즈,193250,2021/12,-0.23,755.05,-5.94,44.05,0.1
(주)와이즈버즈,273060,2021/12,56.81,734.54,2.76,52.16,0.19
(주)와이지-원,019210,2021/12,-0.11,1474.76,6.17,139.08,0.46
(주)와이지엔터테인먼트,122870,2021/12,17.41,3937.64,6.97,14.03,0.51
(주)와이티엔,040300,2021/12,33.91,475.92,0.34,52.12,0.41
(주)와이팜,332570,2021/12,64.27,362.78,0.44,25.08,0.55
(주)우리기술,032820,2021/12,14.12,7.34,5.08,76.62,0.24
(주)우리넷,115440,2021/12,42.52,1250.65,2.4,58.84,0.61
(주)우리로,046970,2021/12,37.83,154.51,5.31,53.87,1.64
(주)우양,103840,2021/12,-12.8,2823.94,1.6,222.82,1.08
(주)우정바이오,215380,2021/12,-12.82,419.96,-4.15,218.29,0.37
(주)우주일렉트로닉스,065680,2021/12,37.38,4780.49,9.62,28.27,0.73
(주)원바이오젠,307280,2021/12,31.28,652.79,9.12,32.53,0.6
(주)원방테크,053080,2021/12,25.5,1910.4,7.09,30.3,0.91
(주)원익,032940,2021/12,-5.61,1134.81,2.57,49.28,0.28
(주)원익머트리얼즈,104830,2021/12,21.68,6033.53,12.57,10.29,0.75
(주)원익아이피에스,240810,2021/12,26.8,3215.88,14.41,46.19,1.09
(주)원익큐브,014190,2021/12,43.25,432.25,10.06,54.48,1.87
(주)원익큐엔씨,074600,2021/12,-3.53,2222.65,17.13,33.7,0.83
(주)원익피앤이,131390,2021/12,1.16,1559.14,6.54,123.93,0.67
(주)원익홀딩스,030530,2021/12,-12.69,1557.71,3.49,31.33,0.37
(주)원일특강,012620,2021/12,20.17,5450.84,7.82,83.33,1.45
(주)원준,382840,2021/12,48.8,18670.88,8.45,53.41,0.43
(주)원티드랩,376980,2021/12,71.4,602.79,13.91,38.08,0.69
(주)원풍,008370,2021/12,45.88,1235.79,4.47,14.93,1.02
(주)월덱스,101160,2021/12,31.59,1596.74,21.77,34.39,0.91
(주)웨이버스,336060,2021/12,,,,,
(주)웨이브일렉트로닉스,095270,2021/12,64.76,995.96,4.91,18.35,0.48
(주)웰크론,065950,2021/12,14.45,510.5,8.56,74.73,0.78
(주)웰크론한텍,076080,2021/12,31.44,554.31,-0.1,94.14,1.98
(주)웹스,196700,2021/12,-1.25,424.3,3.05,68.68,0.48
(주)웹젠,069080,2021/12,38.27,3152.54,18.79,21.29,0.5
(주)위니아,071460,2021/12,-8.79,478.99,3.52,372.94,1.74
(주)위닉스,044340,2021/12,3.53,2289.34,2.39,78.65,1.01
(주)위드텍,348350,2021/12,61.07,1837.48,7.32,26.27,0.56
(주)위메이드,112040,2021/12,1.63,3405.73,1.58,14.7,0.48
(주)위메이드맥스,101730,2021/12,34.18,447.45,4.79,11.79,0.23
(주)위메이드플레이,123420,2021/12,56.17,3451.66,4.46,8.54,0.45
(주)위세아이텍,065370,2021/12,10.2,856.58,13.05,84.47,0.76
(주)위지윅스튜디오,299900,2021/12,29.45,737.44,-0.86,15.56,0.17
(주)위지트,036090,2021/12,9.46,102.24,0.81,26.33,0.29
(주)윈스,136540,2021/12,48.83,2374.54,11.52,14.58,0.52
(주)윈팩,097800,2021/12,-34.89,165.18,-4.45,136.15,0.7
(주)윈하이텍,192390,2021/12,10.36,951.7,1.92,107.16,0.9
(주)윌링스,313760,2021/12,35.55,1349.31,-2.47,61.68,0.71
(주)유니온커뮤니티,203450,2021/12,41.93,451.36,0.63,56.44,0.68
(주)유니크,011320,2021/12,-7.12,1004.13,0.93,109.74,1.12
(주)유니테스트,086390,2021/12,38.94,1175.41,-2.67,21.99,0.67
(주)유니테크노,241690,2021/12,13.67,611.7,5.49,39.33,0.61
(주)유니트론텍,142210,2021/12,32.32,933.66,10.72,153.56,2.22
(주)유라테크,048430,2021/12,41.43,1834.06,0.92,20.6,1.36
(주)유바이오로직스,206650,2021/12,22.65,536.74,-4.83,28.82,0.26
(주)유비케어,032620,2021/12,42.95,381.12,5.61,21.77,0.68
(주)유비쿼스,264450,2021/12,64.14,2390.4,20.55,31.75,0.9
(주)유비쿼스홀딩스,078070,2021/12,8.83,1791.6,1.15,2.58,0.04
(주)유성티엔에스,024800,2021/12,-22.71,992.54,0.37,95.55,0.69
(주)유신,054930,2021/12,20.01,528.67,4.04,133.79,1.32
(주)유씨아이,038340,2021/12,23.28,118.84,-8.25,139.08,0.13
(주)유아이디,069330,2021/12,-1.99,157.57,15.04,68.16,1.64
(주)유에스티,263770,2021/12,38.41,2305.24,10.39,27.66,0.94
(주)유일로보틱스,388720,2021/12,26.98,566.23,9.41,75.35,1.12
(주)유진로봇,056080,2021/12,43.78,108.63,-11.55,35.66,0.5
(주)유진테크,084370,2021/12,43.03,2999.61,24.22,18.84,0.78
(주)유테크,178780,2021/12,60.02,-21.07,-63.56,18.49,0.32
(주)유티아이,179900,2021/12,29.91,680.1,-13.96,39.87,0.18
(주)유틸렉스,263050,2021/12,20.78,621.99,-30.46,68.26,0
(주)육일씨엔에쓰,191410,2021/12,32.03,219.78,13.06,128.92,0.27
(주)율호,072770,2021/12,29.05,88.44,2.32,56.82,1.06
(주)이건홀딩스,039020,2021/12,-4.78,620.68,4.84,17.57,0.08
(주)이글루코퍼레이션,067920,2021/12,18.68,1102.84,7.62,33.81,1.25
(주)이글벳,044960,2021/12,34.96,579.11,8.3,28.83,0.8
(주)이노메트리,302430,2021/12,32.57,999.27,5.29,23.5,0.73
(주)이노와이어리스,073490,2021/12,34.05,2798.77,9.94,15.14,0.57
(주)이노인스트루먼트,215790,2021/12,11.23,364.01,1.23,3.81,0.1
(주)이노테라피,246960,2021/12,30.52,299.62,-16.25,214.26,0.02
(주)이녹스,088390,2021/12,-2.68,4316.71,9.85,26.31,0.11
(주)이녹스첨단소재,272290,2021/12,36.5,3076.98,24.45,40.18,1.2
(주)이라이콤,041520,2021/12,59.87,3197.74,-0.47,11.75,0.66
(주)이랜시스,264850,2021/12,24.09,1080.93,8.5,55.54,0.99
(주)이랜텍,054210,2021/12,21.49,1134.09,1.94,61.75,1.09
(주)이루다,164060,2021/12,43.16,801.02,8.09,99.54,0.55
(주)이루온,065440,2021/12,34.23,187.17,2.11,40.61,0.38
(주)이미지스테크놀로지,115610,2021/12,57.8,12.91,5.2,35.08,1.98
(주)이브이수성,084180,2021/12,-1.04,19.2,0.58,131.26,0.41
(주)이브이첨단소재,131400,2021/12,-23.26,131.05,2.57,131.48,0.54
(주)이상네트웍스,080010,2021/12,17.22,1842.93,4.36,25.31,0.26
(주)이수앱지스,086890,2021/12,41.68,333.66,-7.68,109.99,0.24
(주)이스트소프트,047560,2021/12,-17.5,1118.22,0.31,78.74,0.27
(주)이씨에스텔레콤,067010,2022/03,65.21,664.46,7.05,42.89,1.13
(주)이씨에스텔레콤,067010,2021/03,67.51,610.53,7.27,38.82,1.14
(주)이엔드디,101360,2021/12,52.23,1289.24,8.3,64.06,0.81
(주)이엔에프테크놀로지,102710,2021/12,9.74,4163.39,7.86,52.17,1.08
(주)이엔코퍼레이션,066980,2021/12,-33.47,392.92,0.29,77.59,0.07
(주)이엘피,063760,2021/12,44.93,1528.77,-2.25,19.29,0.3
(주)이엠넷,123570,2021/12,48.92,606.28,10.6,41.93,0.34
(주)이엠앤아이,083470,2021/12,2.17,-32.19,-1.59,174.99,1.24
(주)이엠텍,091120,2021/12,37.17,2627.38,8.02,35.41,1.14
(주)이오테크닉스,039030,2021/12,45.41,6763.14,14.46,19.16,0.77
(주)이즈미디어,181340,2021/12,-15.73,452.15,-29.59,295.28,0.8
(주)이지,037370,2021/12,18.06,621.19,7.93,39.65,0.99
(주)이지바이오,353810,2021/12,-12.65,1137.82,14.59,159.75,1.17
(주)이지트로닉스,377330,2021/12,20.32,564.81,-0.09,82.61,0.5
(주)이지홀딩스,035810,2021/12,-2.09,923.01,2.49,53.87,0.21
(주)이큐셀,160600,2021/06,32.61,116.56,-8.2,71.47,1.47
(주)이크레더블,092130,2021/12,72.53,827.13,27.03,17.66,0.69
(주)이퓨쳐,134060,2021/12,66.52,814.96,6.16,16.79,0.49
(주)인바디,041830,2021/12,46.6,2579.39,19.67,4.26,0.54
(주)인산가,277410,2021/12,29.71,1384.16,10.05,77.25,0.53
(주)인성정보,033230,2021/12,16.53,291.31,0.18,58.2,0.98
(주)인지디스플레이,037330,2021/12,-29.25,527,-1.5,133.73,0.81
(주)인콘,083640,2021/12,23.76,361.19,-2.72,23.12,0.47
(주)인터로조,119610,2021/12,37.93,2797.59,13.63,30.36,0.55
(주)인터엠,017250,2021/09,-14.14,190.19,-21.2,180.78,0.59
(주)인터플렉스,051370,2021/12,1.89,1434.63,1.13,99.74,0.89
(주)인텍플러스,064290,2021/12,34.93,753.27,34.31,111.51,1.5
(주)인텔리안테크놀로지스,189300,2021/12,40.53,3492.87,0.21,49.43,0.65
(주)인트로메딕,150840,2021/12,41.45,1238.08,-8.92,22.06,0.17
(주)인트론바이오테크놀로지,048530,2021/12,59.05,515.99,8.06,50.93,0.23
(주)인포마크,175140,2021/12,23,357.95,-6.23,186.27,1.1
(주)인포바인,115310,2021/12,72.58,7500.34,8.26,3.23,0.2
(주)인피니트헬스케어,071200,2021/12,62.8,798.89,4.7,14.53,0.36
(주)일승,333430,2021/12,17.04,900.87,3.82,58.36,0.68
(주)일신바이오베이스,068330,2021/12,57.48,1101.03,14.62,12.6,0.46
(주)일야,058450,2021/12,23.69,5.66,2.51,48.95,0.61
(주)일지테크,019540,2021/12,-11.4,1886.77,1.58,99.99,0.7
(주)일진파워,094820,2021/12,20.56,1395.06,9.87,41.38,0.82
(주)잉크테크,049550,2021/12,7.5,477.94,6.96,66.94,0.55
(주)자비스,254120,2021/12,13.33,327.4,-12.14,203.71,0.54
(주)자연과환경,043910,2021/12,10.91,47.81,-6.92,87.46,0.73
(주)자이언트스텝,289220,2021/12,74.78,1062.76,-2.59,10.27,0.29
(주)장원테크,174880,2021/12,-18.06,721.94,-8.14,54.5,0.17
(주)정다운,208140,2021/12,22.89,2360.31,13.12,85.98,1.06
(주)정상제이엘에스,040420,2021/12,-5.25,846.39,16.72,54.48,0.96
(주)정원엔시스,045510,2021/12,24.52,156.69,0.75,106.07,1.73
(주)제넥신,095700,2021/12,-1.41,4077.14,-2.62,21.72,0.06
(주)제넨바이오,072520,2021/12,-17.59,332.74,-10.67,51.11,0.08
(주)제노레이,122310,2021/12,52.27,1005.11,15.06,25.74,0.78
(주)제노코,361390,2021/12,25.26,725.03,9.33,102.32,0.99
(주)제노포커스,187420,2021/12,2.75,449.9,0.22,54.98,0.11
(주)제놀루션,225220,2021/12,47.42,1785.3,46.2,15.5,0.82
(주)제닉,123330,2021/12,28.79,541.76,-8.09,135.28,0.81
(주)제로투세븐,159580,2021/12,27.4,664.74,2.64,32.1,1.08
(주)제우스,079370,2021/12,11.09,3354.5,0.72,80.46,0.67
(주)제이브이엠,054950,2021/12,27.17,2759.48,7.81,26.21,0.57
(주)제이스텍,090470,2021/12,24.91,1596.84,-0.16,30.01,0.53
(주)제이시스메디칼,287410,2021/12,39.7,536.57,34.09,44.16,1.23
(주)제이앤티씨,204270,2021/12,28.51,629.56,-4.46,36.21,0.37
(주)제이에스티나,026040,2021/12,41.18,652.62,2.33,26.6,0.93
(주)제이엘케이,322510,2021/12,21.17,1530.82,-15.84,65.18,0.09
(주)제이와이피엔터테인먼트,035900,2021/12,22.97,1072.79,19.11,28.1,0.74
(주)제이웨이,058420,2021/12,-219.99,0,-29.83,0,0.63
(주)제이티,089790,2021/12,38.18,846.4,17.22,66.17,1
(주)제이티씨,950170,2021/02,20.53,150.54,-9.94,186.19,0.03
(주)제이티씨,950170,2022/02,7.02,-32.06,-11.66,666.64,0.04
(주)제일바이오,052670,2021/12,80.86,180.51,-4.22,4.9,0.41
(주)제일테크노스,038010,2021/12,-2.91,1499.5,0.55,124.63,1.16
(주)제주반도체,080220,2021/12,48.46,612.74,12.64,32.96,1.2
(주)제테마,216080,2021/12,43.52,514.23,2.12,171.12,0.31
(주)젠큐릭스,229000,2021/12,1.46,789.83,-19.94,77.54,0.04
(주)젬백스&카엘,082270,2021/12,19.49,733.46,-1.25,11.18,0.34
(주)젬백스링크,064800,2021/12,35.92,2023.47,3.12,22.07,0.53
(주)조이시티,067000,2021/12,3.18,317.26,12.58,145.15,1.15
(주)좋은사람들,033340,2021/12,29.79,82.71,-12.41,53.94,0.99
(주)중앙디앤엠,051980,2021/12,24.45,-27.72,-8.26,37.07,0.16
(주)중앙백신연구소,072020,2021/12,22.44,1828.35,4.21,21.45,0.38
(주)중앙에너비스,000440,2021/12,18.79,2111.45,0.05,8.06,0.89
(주)지노믹트리,228760,2021/12,61.85,990.86,-6.69,40.26,0.02
(주)지놈앤컴퍼니,314130,2021/12,38.83,1162.99,-29.11,7.8,0
(주)지니뮤직,043610,2021/12,18.95,517.85,4.88,61.96,0.91
(주)지니틱스,303030,2021/12,53.23,741.99,3.78,44.19,0.91
(주)지란지교시큐리티,208350,2021/12,4.57,827.83,2.55,55.89,0.34
(주)지씨셀,144510,2021/12,1.1,7493.57,11.58,22.91,0.45
(주)지아이텍,382480,2021/12,52.75,1230.67,8.72,22.08,0.4
(주)지앤비에스엔지니어링,382800,2021/12,65.28,1384.63,18.56,21.37,0.91
(주)지어소프트,051160,2021/12,-59.59,0,10.12,0,1.11
(주)지에스이,053050,2021/12,-1.09,443.85,2.68,115.91,0.75
(주)지엔씨에너지,119850,2021/12,22.81,980.76,5.79,46.58,0.89
(주)지엔코,065060,2021/12,-30.7,21.8,0.73,143.17,0.6
(주)지오엘리먼트,311320,2021/12,71.05,1248.15,17.18,11.53,0.61
(주)지티지웰니스,219750,2021/12,1.46,79.16,-20.86,236.19,0.29
(주)진로발효,018120,2021/12,48.6,2106.68,11.7,18.81,0.95
(주)진매트릭스,109820,2021/12,39.89,216.99,-3.15,22.31,0.31
(주)진바이오텍,086060,2021/12,43.14,691.83,0.08,19.39,0.74
(주)진성티이씨,036890,2021/12,29.12,1289.12,6.94,61.29,1.59
(주)진시스템,363250,2021/12,76.73,1181.7,4.47,14.91,0.26
(주)차바이오텍,085660,2021/12,13.98,1004.32,-0.45,28.18,0.09
(주)차백신연구소,261780,2021/12,56.87,199.78,-9.32,64.87,0.01
(주)창해에탄올,004650,2021/12,-0.41,2880.49,8.69,31.84,0.55
(주)천보,278280,2021/12,26.54,4676.63,6.37,6.2,0.4
(주)청담글로벌,362320,2021/12,67.05,242.54,25.18,41.66,3.65
(주)체리부로,066360,2021/12,-29.93,119.74,2.18,304.2,1.82
(주)초록뱀미디어,047820,2021/12,16.93,211.43,1.35,31.11,0.23
(주)초록뱀컴퍼니,052300,2021/12,-10.27,319.94,0.23,30.21,0.07
(주)칩스앤미디어,094360,2021/12,48.85,670.08,12.09,20.83,0.46
(주)카스,016920,2021/12,-22.04,310.54,1.85,208.25,0.98
(주)카이노스메드,284620,2021/12,-7.49,9.95,-17.74,194.84,0.12
(주)카카오게임즈,293490,2021/12,21.06,19208.54,4.68,48.46,0.47
(주)캐리소프트,317530,2021/12,12.3,302.78,-14.52,21.14,0.23
(주)캐스텍코리아,071850,2021/12,-16.09,1113.4,-6.7,126.22,0.36
(주)캠시스,050110,2021/12,-7.57,159.86,0.77,164.59,1.54
(주)컴투스,078340,2021/12,25.45,18890.83,5.3,26.6,0.39
(주)컴투스홀딩스,063080,2021/12,-43.61,3339.33,-1.89,132.6,0.22
(주)케스피온,079190,2021/12,21.33,176.03,2.13,57.22,0.29
(주)케어랩스,263700,2021/12,21.88,1103.92,2.72,77.91,0.35
(주)케어젠,214370,2021/12,61.46,5083.58,12.94,8.09,0.27
(주)케이비지,318000,2021/12,52.15,1852.45,16.12,32.87,0.74
(주)케이사인,192250,2021/12,53.9,859.99,8.06,12.49,0.43
(주)케이씨씨건설,021320,2021/12,20.63,323.04,3.08,146.28,1.32
(주)케이씨아이,036670,2021/12,39.23,1439.57,13.68,17.92,0.9
(주)케이씨에스,115500,2021/12,42.23,242.98,12.97,59.99,1.23
(주)케이씨티,089150,2021/12,-6.42,310.64,0.7,61.14,0.25
(주)케이씨피드,025880,2021/12,22.34,588.02,2.37,64.17,0.76
(주)케이아이엔엑스,093320,2021/12,46.33,4867,12.34,23.05,0.49
(주)케이에스피,073010,2021/12,13.35,47.91,4.2,88.78,0.91
(주)케이에이치바텍,060720,2021/12,33.15,1864.68,-0.55,27.92,0.09
(주)케이엔더블유,105330,2021/12,14.98,783.83,9.11,26.64,0.33
(주)케이엔엔,058400,2021/12,23.76,208.02,4.35,7.34,0.27
(주)케이엔제이,272110,2021/12,9.31,943.99,3.34,124.9,0.56
(주)케이엘넷,039420,2021/12,29.62,305.27,12.25,16.69,0.95
(주)케이엠,083550,2021/12,18.52,1885.7,2.8,44.09,0.71
(주)케이엠더블유,032500,2021/12,28.37,1141.39,-7.24,37.36,0.43
(주)케이엠에이치,122450,2021/12,-10.1,679.5,2.85,136.39,0.13
(주)케이엠에이치하이텍,052900,2021/12,-1.55,303.61,4.72,58.51,0.74
(주)케이옥션,102370,2021/12,16.44,1667.45,16.88,35.21,0.47
(주)케이지모빌리언스,046440,2021/12,38.17,1463.64,10.2,52.35,0.56
(주)케이지이니시스,035600,2021/12,-20.9,2222.06,7.51,136.63,0.85
(주)케이티서브마린,060370,2021/12,53.96,363.34,-4.52,10.77,0.26
(주)케이티알파,036030,2021/12,26.05,345.16,1.24,79.44,1.4
(주)케이프,064820,2021/12,-9.21,1192.86,1.91,39.2,0.18
(주)케이피에스,256940,2021/12,35.16,628.58,-8.82,47.01,0.05
(주)케이피에프,024880,2021/12,1.89,2001.74,0.86,123.16,0.74
(주)케이피엠테크,042040,2021/12,-4.64,538.37,-7.41,27.23,0.25
(주)케이피티유,054410,2021/12,-6.82,1395.62,1.74,94.68,0.47
(주)케일럼,258610,2021/12,-4,503.13,-2.6,51.32,0.13
(주)켐온,217600,2021/12,22.32,823.13,5.33,36.25,0.38
(주)켐트로닉스,089010,2021/12,2.28,1531.96,11.8,164.27,1.37
(주)켐트로스,220260,2021/12,34.22,1969.94,4.6,73.24,0.58
(주)코다코,046070,2021/12,16.54,166.67,0.86,539.35,0.68
(주)코데즈컴바인,047770,2021/12,53.32,162.95,7.48,12.04,0.7
(주)코디,080530,2021/12,27.98,200.5,1.6,65.95,0.44
(주)코디엠,224060,2021/12,1.9,127.42,-4.09,32.36,0.5
(주)코렌텍,104540,2021/12,52.07,826.77,3.44,112.54,0.42
(주)코리아나화장품,027050,2021/12,8.42,398.36,0.44,31.88,0.64
(주)코리아센터,290510,2021/12,-2.22,3263.75,1.78,32.71,0.27
(주)코리아에스이,101670,2021/12,48.84,646.54,4.68,31.88,0.51
(주)코맥스,036690,2021/12,18.25,608.58,-10.7,112.07,1.22
(주)코메론,049430,2021/12,35.79,3654.99,9.69,8.6,0.46
(주)코미코,183300,2021/12,8.09,4369.83,6.11,29.79,0.45
(주)코미팜,041960,2021/12,11,1065.53,-0.05,57.4,0.31
(주)코세스,089890,2021/12,21.75,508.87,18.85,45.16,1.05
(주)코센,009730,2021/12,-8.04,125.73,2.44,268.14,0.96
(주)코스나인,082660,2021/12,-3.01,1.34,-8.42,112.68,0.19
(주)코스메카코리아,241710,2021/12,-1.57,2496.07,3.3,79.3,0.86
(주)코스온,069110,2021/12,-57.17,15.84,-8.28,652.69,0.09
(주)코썬바이오,204990,2022,,,,,
(주)코아시아,045970,2021/12,-0.61,1050.97,1.35,64.77,0.57
(주)코아시아옵틱스,196450,2021/12,-2.61,110.39,-6.88,36.19,0.55
(주)코엔텍,029960,2021/12,38.23,522.29,18.97,24.88,0.38
(주)코원플레이,056000,2021/12,47.59,119.48,-10.25,29.2,0.12
(주)코윈테크,282880,2021/12,29.28,2181.62,1.64,61.99,0.5
(주)코이즈,121850,2021/12,-13.48,-17.91,-25.39,343.98,0.54
(주)코콤,015710,2021/12,32.15,1355.38,2.53,26.55,0.6
(주)코텍,052330,2021/12,46.89,3631.44,-4.28,21.21,0.64
(주)코퍼스코리아,322780,2021/12,20.01,1346.33,12.28,75.79,0.25
(주)코프라,126600,2021/12,35.77,1084.29,8.38,97.51,0.72
(주)쿠콘,294570,2021/12,25.45,2466.35,9.57,55.83,0.35
(주)퀀타매트릭스,317690,2021/12,75.3,680.76,-24.23,7.34,0.01
(주)큐라클,365270,2021/12,67.36,703.9,-17.57,19.11,0.16
(주)큐로컴,040350,2021/12,-11.92,-23.03,0.66,56.65,0.11
(주)큐로홀딩스,051780,2021/12,24.02,-29.89,12.24,34.51,1.14
(주)큐리언트,115180,2021/12,80.36,740.48,-37.23,6.74,0.08
(주)큐브엔터테인먼트,182360,2021/12,16.65,412.82,-2.81,45.59,0.65
(주)큐에스아이,066310,2021/12,30.08,1540.73,3.77,9.27,0.37
(주)크레버스,096240,2021/12,14.44,2100.05,17.25,65.17,0.84
(주)크리스에프앤씨,110790,2021/12,46.33,2661.49,24.07,34.56,1.03
(주)크린앤사이언스,045520,2021/12,14.68,1165.3,-2.21,172.51,0.94
(주)클라우드에어,036170,2021/12,74.7,94.38,0.85,2.7,0.14
(주)클래시스,214150,2021/12,25.76,2426.7,29.26,32.17,0.57
(주)클리노믹스,352770,2021/12,17.49,2848.86,-11.97,81.36,0.16
(주)클리오,237880,2021/12,30.64,1905.4,6.11,40.28,1.03
(주)키이스트,054780,2021/12,32.86,405.24,1.52,39.61,0.69
(주)타이거일렉,219130,2021/12,16.98,1531.67,3.31,37.96,0.72
(주)탑엔지니어링,065130,2021/12,18.59,2288.18,0.25,36.56,0.6
(주)탑코미디어,134580,2021/12,48.37,345.61,-12.11,99.19,0.56
(주)태광,023160,2021/12,42.02,3256.39,1.57,6.74,0.32
(주)태성,323280,2021/12,,,,,
(주)태양,053620,2021/12,28.04,3686.63,1.27,25.65,0.76
(주)태웅,044490,2021/12,28.76,4653.89,0.65,62.33,0.41
(주)태웅로직스,124560,2021/12,23.63,5902.52,38.15,145.68,4.41
(주)테라젠이텍스,066700,2021/12,2.56,1269.28,-2.55,31.95,0.18
(주)테스,095610,2021/12,49.34,3210.9,20.3,14.24,1.22
(주)테크윙,089030,2021/12,16.93,2214.05,9.02,118.79,0.52
(주)텔레칩스,054450,2021/12,22.5,1555.37,4.68,94.57,0.73
(주)텔레필드,091440,2021/12,28.89,214.43,-9.18,188.71,0.65
(주)텔콘알에프제약,200230,2021/12,-14.06,1113.81,-1.08,50.01,0.17
(주)토박스코리아,215480,2021/12,61.82,513.45,8.11,9.72,0.95
(주)토비스,051360,2021/12,20.41,2359.36,4.28,65.54,0.85
(주)토탈소프트뱅크,045340,2021/12,38.58,279.17,11.93,64.85,0.55
(주)톱텍,108230,2021/12,39.53,1600.63,-18.43,22.92,0.37
(주)투비소프트,079970,2021/12,15.21,73.64,-4.13,127.81,0.44
(주)툴젠,199800,2021/12,83.84,2056.36,-35.22,3.56,0.03
(주)트루윈,105550,2021/12,7.5,525.35,6.06,94.2,0.37
(주)트윔,290090,2021/12,69.66,1960.96,1.81,8.39,0.32
(주)특수건설,026150,2021/12,24.81,1082.03,1.37,72.96,1.3
(주)티라유텍,322180,2021/12,8.33,3882.77,-24.68,58.93,1.23
(주)티로보틱스,117730,2021/12,-11.32,257.17,-9.08,205.44,0.54
(주)티비씨,033830,2021/12,55.07,142.04,3.56,8.28,0.35
(주)티사이언티픽,057680,2021/12,-0.42,836.16,0.49,33.53,0.05
(주)티씨케이,064760,2021/12,58.03,5716.06,29.62,14.78,0.78
(주)티앤알바이오팹,246710,2021/12,75.4,691.2,-15.68,97.24,0.05
(주)티앤엘,340570,2021/12,44.37,1918.13,24.95,9.07,0.81
(주)티에스넥스젠,043220,2021/12,16.54,-0.75,-6.72,118.96,0.24
(주)티에스아이,277880,2021/12,42.69,337.16,-0.09,205.52,0.7
(주)티에스이,131290,2021/12,39.82,4232.87,22.93,17.86,0.89
(주)티에스인베스트먼트,246690,2021/12,,,,,
(주)티에스트릴리온,317240,2021/12,-23.29,61.25,-9.62,371,0.91
(주)티엘비,356860,2021/12,20.56,3304.08,11.27,49.02,1.49
(주)티엘아이,062860,2021/12,41.43,1557.38,-3.94,8.53,0.41
(주)티움바이오,321550,2021/12,32.44,594.72,-20.85,23.03,0
(주)티케이케미칼,104480,2021/12,-6.31,1369.47,7.33,71.63,0.74
(주)티플랙스,081150,2021/12,19.9,1094.05,9.39,44.4,1.06
(주)티피씨,130740,2021/12,15.1,968.89,2.52,38.61,0.47
(주)티피씨메카트로닉스,048770,2021/12,0.04,397.59,1.5,176.97,0.73
(주)파나진,046210,2021/12,70.98,85.73,14.08,6.92,0.53
(주)파라다이스,034230,2021/12,14.71,1955.06,-1.07,85.35,0.1
(주)파라텍,033540,2021/12,35.21,748.72,0.51,62.35,0.9
(주)파루,043200,2021/12,-1.76,45.23,-3.12,130.58,0.67
(주)파마리서치,214450,2021/12,27.22,6135.41,15.43,26.95,0.4
(주)파멥신,208340,2021/12,15.44,319.55,-31.23,31.95,0
(주)파버나인,177830,2021/12,9.63,860.73,2.28,84.51,0.72
(주)파세코,037070,2021/12,27.16,1349.07,17.78,39.97,1.77
(주)파수,150900,2021/12,35.81,375.49,16.88,69.29,0.85
(주)파워넷,037030,2021/12,26.58,370.64,5.29,86.37,1.53
(주)파워로직스,047310,2021/12,17.43,986.04,-2.74,112.36,2.07
(주)파이버프로,368770,2021/12,,,,,
(주)파이오링크,170790,2021/12,59.31,1744.9,14.17,35.33,0.7
(주)파인디앤씨,049120,2021/12,-13.28,198.19,-8.87,156.22,0.32
(주)파인디지털,038950,2021/12,66.69,1766.81,3.48,13.26,0.88
(주)파인테크닉스,106240,2021/12,29.89,424.31,12.15,96.39,1.1
(주)파인텍,131760,2021/12,-7.41,38.37,-4.12,145.94,0.58
(주)파커스,065690,2021/12,21.3,1109.97,-5.59,54.45,0.27
(주)파크시스템스,140860,2021/12,60.35,2608.03,15.12,41.57,0.66
(주)파트론,091700,2021/12,23.73,1588.63,8.36,40.83,2.02
(주)판타지오,032800,2021/12,-5.72,-46.4,-3.75,93.11,0.24
(주)팜스빌,318010,2021/12,54.91,1430.48,8.62,25.12,0.54
(주)팜스토리,027710,2021/12,-0.51,217.6,4.28,249,1.75
(주)팬스타엔터프라이즈,054300,2021/12,13.34,60.93,1.38,75.45,0.7
(주)팬엔터테인먼트,068050,2021/12,0.75,440.51,1.39,53.27,0.28
(주)팬젠,222110,2021/12,26.04,295.39,-8.26,105.12,0.2
(주)펄어비스,263750,2021/12,34.41,11359.85,3.73,66.26,0.28
(주)펩트론,087010,2021/12,33.48,503.9,-16.01,25.02,0.07
(주)포메탈,119500,2021/12,10.75,682.16,3.3,37.11,0.97
(주)포바이포,389140,2021/12,64.55,753.03,9.03,21.79,0.5
(주)포스코아이씨티,022100,2021/12,25.34,366.55,-3.33,77.66,1.29
(주)포스코엠텍,009520,2021/12,54.45,402.2,11.43,49.51,2.26
(주)포시에스,189690,2021/06,33.16,1365.09,8.09,4.84,0.38
(주)포인트모바일,318020,2021/12,33.04,3675.56,-0.79,97.41,0.85
(주)포인트엔지니어링,256630,2021/12,29.52,1278.8,2.92,30.56,0.42
(주)포커스에이치엔에스,331380,2021/12,39.95,856.61,12.33,93.01,1.44
(주)폴라리스세원,234100,2021/12,33.98,2404.47,-2.82,36.14,0.65
(주)폴라리스오피스,041020,2021/12,5.73,100.59,3.99,31.01,0.35
(주)폴라리스우노,114630,2021/12,36.83,1033.08,3.12,51.56,0.68
(주)푸드나무,290720,2021/12,49.84,1542.17,2.6,23.52,2.51
(주)푸드웰,005670,2021/12,17.36,1385.54,1.94,36.16,0.67
(주)푸른기술,094940,2021/12,40.04,754.66,-0.43,33.33,0.74
(주)푸른상호저축은행,007330,2021/12,,,,,
(주)풍강,093380,2021/08,21.56,1242.18,4.97,34.83,0.9
(주)퓨런티어,370090,2021/12,51.71,303.24,9.34,37.76,1.7
(주)퓨쳐켐,220100,2021/12,39.21,737.34,-11.89,8.14,0.11
(주)프럼파스트,035200,2021/12,54.37,704.29,6.27,10.75,0.74
(주)프로스테믹스,203690,2021/12,-39.71,253.94,-8.79,301.7,0.56
(주)프로이천,321260,2021/12,61.73,857.03,6.94,19.08,1.11
(주)프로텍,053610,2021/12,50.99,4539.9,18.15,11.12,0.64
(주)프롬바이오,377220,2021/12,62.31,5864.5,16.16,14.2,1.91
(주)프리엠스,053160,2021/12,65.2,1851.21,1.09,12.78,0.43
(주)플래스크,041590,2021/12,-9.81,46.17,-3.38,52.64,0.2
(주)플래티어,367000,2021/12,63.93,952.26,7.93,20.03,0.8
(주)플랜티넷,075130,2021/12,11.8,1406.43,-1.51,7.07,0.17
(주)플레이디,237820,2021/12,41.39,1054.63,2.55,91.48,0.27
(주)플레이위드,023770,2021/12,13.27,640.84,0.45,256.65,0.13
(주)플리토,300080,2021/12,84.78,571.1,-17.46,66.38,0.37
(주)피델릭스,032580,2021/12,67.02,145.65,6.78,29.25,1.38
(주)피씨디렉트,051380,2021/12,51.72,1287.55,21.31,78.63,4.13
(주)피에스엠씨,024850,2021/03,34.18,-17.59,1.07,67.46,0.93
(주)피에이치씨,057880,2021/12,56.61,57.77,-19.63,6.1,0.41
(주)피엔에이치테크,239890,2021/12,29.14,747.43,14.06,76.8,0.93
(주)피엔티,137400,2021/12,12.06,1458.95,10.55,215.66,0.76
(주)피엔풍년,024940,2021/12,49.68,809.52,4.73,20.6,1.13
(주)피제이메탈,128660,2021/12,45.83,372.78,33.23,43.56,3.25
(주)피제이전자,006140,2021/12,19.24,1454.85,4.33,47.51,0.76
(주)피코그램,376180,2021/12,-2.65,9011.8,7.57,84.02,0.6
(주)피플바이오,304840,2021/12,10.1,186.06,-21.88,183.73,0.01
(주)피피아이,062970,2021/12,7.91,-23.46,-42.13,506.38,0.48
(주)픽셀플러스,087600,2021/12,44.19,2443.37,3.74,9.84,0.57
(주)필옵틱스,161580,2021/12,-13.16,793.03,-7.86,109.1,0.32
(주)핌스,347770,2021/12,14.13,1420.18,10.35,48.14,0.86
(주)핑거,163730,2021/12,41.18,873.43,12.12,48.73,1.78
(주)하나기술,299030,2021/12,29.36,1735.02,-3.54,177.93,0.73
(주)하림,136480,2021/12,-20.38,454.59,3.79,169.45,1.4
(주)하림지주,003380,2021/12,-22.22,11729.57,1.71,63.75,0.03
(주)하이딥,365590,2021/12,,,,,
(주)하이로닉,149980,2021/12,50.66,5170.46,9.67,11.71,0.36
(주)하이비젼시스템,126700,2021/12,46.28,2348.56,20.99,30.97,1.33
(주)하이소닉,106080,2021/12,45.09,10.65,-10.83,37.35,0.22
(주)하이텍팜,106190,2021/12,14.47,2548.83,-0.33,30.94,0.58
(주)하츠,066130,2021/12,36.65,1425.31,9.02,24.49,1.24
(주)한국가구,004590,2021/12,10.41,5138.03,2.09,15.45,0.21
(주)한국경제티브이,039340,2021/12,43.38,1230.25,14.6,23.51,0.67
(주)한국비엔씨,256840,2021/12,17.51,944.14,-11.1,165.9,0.25
(주)한국코퍼레이션,050540,2021/12,-5.47,350.36,2.55,208.6,1.8
(주)한국큐빅,021650,2021/12,29.06,899.96,8.11,5.39,0.44
(주)한국테크놀로지,053590,2021/12,-60.51,-96.88,-26.36,1915.09,0.31
(주)한국파마,032300,2021/12,55.44,953.8,4.76,125.17,0.76
(주)한국팩키지,037230,2021/12,-7.17,432.41,-1.6,134.07,0.43
(주)한글과컴퓨터,030520,2021/12,6.74,2096.8,13.35,23.29,0.35
(주)한네트,052600,2021/12,40.76,505.76,2.84,39.5,0.45
(주)한독크린텍,256150,2021/12,50.21,1167.41,9.1,13.16,0.99
(주)한빛소프트,047080,2021/12,24.94,11.51,-12.18,152.72,0.79
(주)한송네오텍,226440,2021/12,1.13,644.31,0.76,92.68,0.4
(주)한일진공,123840,2021/12,15.82,1022.63,-4.5,24.59,0.07
(주)한창바이오텍,043090,2021/12,11.85,76.19,1.3,75.29,0.21
(주)한컴MDS,086960,2021/12,31.52,1992.75,2.52,54.43,0.64
(주)한컴위드,054920,2021/12,-12.46,937.34,1.26,53.47,0.13
(주)한탑,002680,2021/12,-31.19,277.55,-2.92,156.36,0.5
(주)해성티피씨,059270,2021/12,31.5,665.45,-2.57,22.1,0.36
(주)핸디소프트,220180,2021/12,62.1,545.6,1.63,17.52,0.24
(주)헬릭스미스,084990,2021/12,45.54,1242.48,-12.58,24.22,0.01
(주)현대공업,170030,2021/12,31.55,1475.3,7.25,37.75,1.48
(주)현대바이오랜드,052260,2021/12,21.82,1613.73,9.53,18.07,0.6
(주)현대에버다임,041440,2021/12,43.14,1658.61,-1.02,50.65,1.17
(주)현대이지웰,090850,2021/12,35.71,580.68,11.65,88.89,0.71
(주)협진,138360,2021/12,23.6,164.48,1.16,56.7,0.15
(주)형지아이앤씨,011080,2021/12,32.24,-38.4,-5.43,376.73,1.23
(주)홈센타홀딩스,060560,2021/12,-24.2,76.67,2.34,69,0.15
(주)홈캐스트,064240,2021/12,50.87,451.14,-4.98,8,0.19
(주)화신정공,126640,2021/12,13.8,2642.48,3.63,57.35,1.7
(주)휴네시온,290270,2021/12,24.95,766.97,7.26,20.47,0.62
(주)휴럼,353190,2021/12,51.71,856.06,2.73,32.92,1.49
(주)휴맥스,115160,2021/12,10.96,1400.4,-5.13,150.01,0.41
(주)휴맥스홀딩스,028080,2021/12,-23.47,2122.61,0.54,35.93,0.05
(주)휴먼엔,032860,2021/12,16.48,261.76,1.83,38.67,1.1
(주)휴메딕스,200670,2021/12,31.57,2820.69,6.95,58.18,0.53
(주)휴비츠,065510,2021/12,1.08,1381.85,9.92,74.75,0.61
(주)휴센텍,215090,2021/12,-49.98,239.08,-13.98,281.86,0.13
(주)휴엠앤씨,263920,2021/12,48.12,48.98,-3.76,5.6,0.29
(주)휴온스,243070,2021/12,20.12,4925.16,10.81,55.16,1
(주)휴온스글로벌,084110,2021/12,-3.81,6222.67,1.76,49.05,0.07
(주)흥국,010240,2021/12,37.33,1089.83,10.75,28.1,1.11
(주)흥국에프엔비,189980,2021/12,-2.1,2038.39,5.48,60.36,0.55
(주)희림종합건축사사무소,037440,2021/12,18.68,902.86,4.76,183.43,1.26
(주)힘스,238490,2021/12,29.73,1225.7,-4.78,14.04,0.58
KB오토시스(주),024120,2021/12,11.91,1720.34,-2.26,50.24,0.74
KD(주),044180,2021/12,24.22,181.13,-6.21,445.5,0.09
가온미디어(주),078890,2021/12,25.2,1952.66,2.26,76.66,1.12
감성코퍼레이션(주),036620,2021/12,40.6,-25.46,2.73,53.27,1.15
갤럭시아머니트리(주),094480,2021/12,27.04,459.56,3,189.09,0.32
경남스틸(주),039240,2021/12,25.1,3608.43,4.59,74.77,2.28
경남제약(주),053950,2021/12,23.23,627.03,-5.77,71.68,0.52
경동제약(주),011040,2021/12,24.93,1734.16,5.34,12.15,0.6
경창산업(주),024910,2021/12,-23.68,300.62,3.61,484.45,1.18
고려신용정보(주),049720,2021/12,-6.66,352.28,17.45,102.83,2.25
고려제약(주),014570,2021/12,67.85,1323.19,13.1,15.55,0.87
광진실업(주),026910,2021/12,22.07,710.72,2.84,63.36,1.39
교보10호기업인수목적(주),355150,2021/12,,,,,
교보11호기업인수목적(주),397880,2021/12,,,,,
교보9호기업인수목적(주),331520,2021/12,,,,,
국일신동(주),060480,2021/12,38.99,757.02,1.81,11.58,0.53
국일제지(주),078130,2021/12,-0.62,430.67,-3.98,106.77,0.72
그레이트리치과기유한공사,900290,2021/06,,,,,
글로벌에스엠테크리미티드,900070,2021/12,,,,,
글로벌텍스프리(주),204620,2021/12,28.67,246.39,-8.47,28.21,0.07
글로본(주),019660,2021/12,3.88,8.74,-20.42,101.11,0.14
금강철강(주),053260,2021/12,54.26,1146.35,7.21,25.38,1.68
나노씨엠에스(주),247660,2021/12,19.98,1328.34,-2.85,68.67,0.12
나노캠텍(주),091970,2021/12,11.97,239.65,0.74,78.55,0.3
나라엠앤디(주),051490,2021/12,-2.66,887.28,-0.7,100.37,0.63
나무기술(주),242040,2021/12,21.33,1137.26,1.99,87.45,0.94
나우아이비캐피탈(주),293580,2021/12,,,,,
나이스정보통신(주),036800,2021/12,36.1,5095.53,11.56,39.56,0.68
나이스평가정보(주),030190,2021/12,24.34,891.63,18.56,41.54,1.1
남화산업(주),111710,2021/12,24.8,3588.43,8.64,9.95,0.16
남화토건(주),091590,2021/12,34.36,1959.66,6.23,17.97,0.76
노을(주),376930,2021/12,-2.33,-58.17,-57.28,973.93,0.07
농업회사법인(주)농우바이오,054050,2021/12,30.72,2781.92,1.35,20.38,0.36
농업회사법인아시아종묘(주),154030,2021/09,20.1,293.55,5.09,100.88,0.6
뉴지랩파마(주),214870,2021/12,20.44,277.8,-7.23,130.35,0.18
다믈멀티미디어(주),093640,2021/12,42.79,416.86,1.43,53,0.22
다올인베스트먼트(주),298870,2021/12,,,,,
대동금속(주),020400,2021/12,-13.13,1271.37,2.49,142.23,1.27
대동기어(주),008830,2021/12,-4.01,1439.96,3.68,210.77,0.99
대명에너지(주),389260,2021/12,18.24,5502.72,38.31,80.39,1.16
대모엔지니어링(주),317850,2021/12,30.25,1024.41,0.09,66.3,0.62
대보마그네틱(주),290670,2021/12,45.17,1666.74,8.6,18.07,0.64
대봉엘에스(주),078140,2021/12,43.13,1286.24,3.5,25.24,0.71
대성창업투자(주),027830,2021/12,,,,,
대신밸런스제10호기업인수목적(주),387310,2021/12,,,,,
대신밸런스제11호기업인수목적(주),397500,2021/12,,,,,
대신정보통신(주),020180,2021/03,15.38,42.35,3.06,157.77,2.53
대신정보통신(주),020180,2022/03,16.18,51.02,2.95,189.92,2.34
대아티아이(주),045390,2021/12,21.26,1400.39,6.14,64.87,0.7
대양전기공업(주),108380,2021/12,30.42,4489.59,2.91,11.32,0.51
대양제지공업(주),006580,2021/12,33.42,966.37,-5.35,20.62,0.05
대원미디어(주),048910,2021/12,9.84,1046.33,5,42.82,2.49
대원산업(주),005710,2021/12,47,3270.94,4.53,38.28,1.4
대정화금(주),120240,2021/12,29.08,3662.24,4.88,20.66,0.55
대주산업(주),003310,2021/12,5.02,249.26,3.04,51.51,0.89
대주전자재료(주),078600,2021/12,9.06,1604.21,7.72,118.74,0.65
대한광통신(주),010170,2021/12,28.61,180.79,-11.54,124.58,0.48
대한그린파워(주),060900,2021/12,-12.29,133.71,2.05,106.7,0.27
대한뉴팜(주),054670,2021/12,19.65,1091.79,18.37,91.16,1.15
대한약품공업(주),023910,2021/12,37.21,6660.27,11.06,34.38,0.65
대화제약(주),067080,2021/12,-11.51,898.64,1.59,89.27,0.56
더이앤엠(주),089230,2021/12,10.22,401.35,3.42,54.7,0.33
덕산네오룩스(주),213420,2021/12,47.95,5682.01,18.29,17.27,0.69
덕산하이메탈(주),077360,2021/12,7.72,4774.57,3.54,12.37,0.31
덕우전자(주),263600,2021/12,-0.86,1061.69,3.51,70.63,0.99
데브시스터즈(주),194480,2021/12,33.99,3368.03,31.8,34.43,2.25
도이치모터스(주),067990,2021/12,-17.06,1063.74,7.86,185.23,2.95
동국산업(주),005160,2021/12,22.28,665.93,3.21,30.13,0.69
동국제약(주),086450,2021/12,43.03,1917.63,10.07,29.76,0.92
동신건설(주),025950,2021/12,47.15,1905.1,2.8,29.03,0.52
동아화성(주),041930,2021/12,26.78,1470.99,4.96,42.41,0.83
동양이엔피(주),079960,2021/12,35.87,6088.07,1.64,33.16,1.55
동양파일(주),228340,2021/12,45.95,1080.28,6.59,6.78,0.56
동일금속(주),109860,2021/12,22.88,3111.49,1.78,12.34,0.47
동일철강(주),023790,2021/12,-18.85,413.33,4.56,165.68,0.36
동화기업(주),025900,2021/12,-8.51,6118.14,4.68,78.56,0.42
디비금융제10호기업인수목적(주),404950,2021/12,,,,,
디비금융제8호기업인수목적(주),367340,2021/12,,,,,
디비금융제9호기업인수목적(주),367360,2021/12,,,,,
디아이티(주),110990,2021/12,38.15,9116.98,-1.84,88.89,0.23
디에스씨인베스트먼트(주),241520,2021/12,,,,,
디엑스앤브이엑스(주),180400,2021/12,3.26,149.04,-10.5,13.88,0.21
디와이씨(주),310870,2021/12,14.67,1907.79,-0.42,150.98,0.86
디와이피엔에프(주),104460,2021/12,23,1847.26,3.52,67.18,0.63
디젠스(주),113810,2021/12,-2.86,24.23,-1.02,208.15,0.78
디케이락(주),105740,2021/12,27.06,2259.41,6.46,54.02,0.57
라온시큐어(주),042510,2021/12,53.46,37.14,-3.29,130.85,0.6
라온피플(주),300120,2021/12,80.4,940,-8.58,64.24,0.26
램테크놀러지(주),171010,2021/12,-6.12,525.42,3.17,61.59,0.65
로스웰인터내셔널유한회사,900260,2021/12,,,,,
로체시스템즈(주),071280,2021/12,28.73,990.09,10.11,46.95,0.93
리노공업(주),058470,2021/12,62.12,5411.7,28.29,11.65,0.68
린드먼아시아인베스트먼트(주),277070,2021/12,,,,,
마이크로로봇(주),182690,2021/12,6.28,128.9,-11.45,128.5,0.03
매일유업(주),267980,2021/12,42.21,13767.92,10.77,94.02,1.77
매일홀딩스(주),005990,2021/12,6.67,5179.62,0.25,2.92,0.04
메가스터디(주),072870,2021/12,28.69,4258.64,2.92,10.69,0.19
메가스터디교육(주),215200,2021/12,-7.86,27381.2,16.39,100.65,1.09
메가엠디(주),133750,2021/12,22.34,555.37,8.98,55.02,0.61
메디앙스(주),014100,2021/12,-1.12,1353.08,2.53,55.98,0.53
메디포스트(주),078160,2021/12,12.55,1867.46,-1.56,58.24,0.23
메이슨캐피탈(주),021880,2021/03,,,,,
명성티엔에스(주),257370,2021/12,-5.61,594.98,-13.49,144.38,0.21
모바일어플라이언스(주),087260,2021/12,27.81,173.17,3.48,82.96,0.6
모트렉스(주),118990,2021/12,0.78,3356.6,7.04,104.5,1.13
무림에스피(주),001810,2021/12,13.13,1566.44,2.11,48.61,0.49
미디어젠(주),279600,2021/12,37.81,656.91,-0.21,81.25,0.47
미래나노텍(주),095500,2021/12,23.46,1452.18,6.87,67.03,0.99
미래에셋대우기업인수목적3호(주),328380,2021/12,,,,,
미래에셋대우기업인수목적5호(주),353490,2021/12,,,,,
미래에셋벤처투자(주),100790,2021/12,,,,,
미래에셋비전기업인수목적1호(주),412930,2021/12,,,,,
미래오토스,176440,2021/12,63.95,115.68,-19.64,19.19,0.01
미스터블루(주),207760,2021/12,40.25,1638.17,6.76,22.11,0.59
미투젠(유),950190,2021/12,81.65,103.39,29.22,4.94,0.79
바디텍메드(주),206640,2021/12,50.15,592.51,29.11,16.88,0.87
바이오플러스(주),099430,2021/12,50.44,1119.59,25.53,10.01,0.6
바이온(주),032980,2021/12,30.75,-6.29,-9.7,33.8,0.26
바이옵트로(주),222160,2022/03,59.53,481.19,20.64,21.9,0.96
바이옵트로(주),222160,2021/03,-9.6,94.39,18.17,222.16,0.99
바이젠셀(주),308080,2021/12,48.33,2121.67,-18.76,11.53,0
범한퓨얼셀(주),382900,2021/12,21.73,651.18,11.94,127.22,0.89
베뉴지(주),019010,2021/12,6.09,1030.04,-0.39,58.68,0.08
보성파워텍(주),006910,2021/12,37.7,274.13,-1.27,21.78,0.59
브레인즈컴퍼니(주),099390,2021/12,81.68,1868.55,14.56,10.88,0.49
브릿지바이오테라퓨틱스(주),288330,2021/12,69.41,336.86,-41.36,8.16,0.03
비나텍(주),126340,2021/12,8.56,1837.39,5.21,89.61,0.53
비디아이(주),148140,2021/12,-27.63,-39.6,-16.06,1185.96,0.51
비비씨(주),318410,2021/12,38.82,2569.41,5.17,5.78,0.31
비씨엔씨(주),146320,2021/12,-2.55,553.83,14.38,107.84,1.03
비에이치아이(주),083650,2021/12,-29.72,429.9,-7.12,470.23,0.59
비플라이소프트(주),148780,2021/12,21.88,-8.18,-11.86,288.72,2.46
빛샘전자(주),072950,2021/12,47.16,1989.1,3.44,14.2,0.49
삼강엠앤티(주),100090,2021/12,-16.86,752.33,6.16,299.71,0.79
삼륭물산(주),014970,2021/12,2.88,743.97,2.94,42.22,0.39
삼목에스폼(주),018310,2021/12,9.74,5169.37,2.43,28.57,0.47
삼보모터스(주),053700,2021/12,-7.51,1314.6,3.26,194.45,0.82
삼보산업(주),009620,2021/12,-25.52,517.55,4.77,651.81,1.38
삼성기업인수목적4호(주),377630,2021/12,,,,,
삼성머스트기업인수목적5호(주),380320,2021/12,,,,,
삼아제약(주),009300,2021/12,35.79,2624.47,3.28,9.95,0.29
삼영엠텍(주),054540,2021/12,20.05,949.74,0.31,42.41,0.54
삼영이엔씨(주),065570,2021/12,44.79,1385.51,1.17,26.45,0.41
삼지전자(주),037460,2021/12,9.37,1762.21,-0.42,43.44,0.19
삼천당제약(주),000250,2021/12,14.61,1152.74,-11.69,58.09,0.57
삼천리자전거(주),024950,2021/12,10.21,1415.99,8.79,24.84,0.94
삼현철강(주),017480,2021/12,63.66,1968.89,16.71,20.49,1.62
상상인제3호기업인수목적(주),415580,2021/12,,,,,
상상인제3호기업인수목적(주),415580,2021/12,,,,,
상신이디피(주),091580,2021/12,2.75,1074.74,9.93,85.95,0.84
상신전자(주),263810,2021/12,44.89,432.74,1.43,57.51,1.67
서암기계공업(주),100660,2021/12,56.32,889.57,0.8,17.08,0.63
서울바이오시스(주),092190,2021/12,-17.38,823.75,-2.38,153.34,0.63
서울반도체(주),046890,2021/12,23.12,2654.62,4.33,32.72,1.1
서울전자통신(주),027040,2021/12,-9.06,160.01,1.42,54.38,0.27
서호전기(주),065710,2021/12,43.96,3214.4,15.64,16.26,0.69
선진뷰티사이언스(주),086710,2021/12,19.47,1383.17,3.22,128.36,0.48
성우전자(주),081580,2021/12,37.88,907.35,2.66,19.26,0.38
성우테크론(주),045300,2021/12,23.31,1136.94,6.11,41.11,0.53
성호전자(주),043260,2021/12,17.67,231.87,-0.26,84.06,0.59
세명전기공업(주),017510,2021/12,42.39,864.71,1.98,12.38,0.18
세종텔레콤(주),036630,2021/12,46.88,27.69,-1.81,29.91,0.46
세틀뱅크(주),234340,2021/12,34.63,2968.47,6.51,107.71,0.44
소니드(주),060230,2021/12,-19.26,66.36,0.81,102.94,0.22
소프트캠프(주),258790,2021/12,48.67,636.75,5.16,104.37,0.74
솔브레인(주),357780,2021/12,32.89,15353.98,23.34,21.45,1.35
솔브레인홀딩스(주),036830,2021/12,3.05,9556.23,0.47,7.3,0.02
스톤브릿지벤처스(주),330730,2021/12,,,,,
스튜디오드래곤(주),253450,2021/12,2.88,4364.87,6.72,26.59,0.58
시그네틱스(주),033170,2021/12,28.31,187.77,11,47.67,1.55
신라섬유(주),001000,2021/12,-46.84,534.42,2.05,113.28,0.13
신라에스지(주),025870,2021/12,10.95,713.49,5.75,174.68,1.67
신라젠(주),215600,2021/12,74.81,105.07,-11.4,26.54,0
신성델타테크(주),065350,2021/12,-11.93,1208.91,-0.12,44.88,0.66
신신제약(주),002800,2021/12,2.64,627.05,-1.13,106.83,0.63
신영해피투모로우제6호기업인수목적(주),344050,2021/12,,,,,
신영해피투모로우제7호기업인수목적(주),419270,2022,,,,,
신원종합개발(주),017000,2021/12,48.29,49.25,2.74,124.15,0.74
신일제약(주),012790,2021/12,35.98,1939.3,6.29,13.94,0.49
신한제6호기업인수목적(주),333050,2021/12,,,,,
신한제7호기업인수목적(주),366330,2021/12,,,,,
신한제8호기업인수목적(주),393360,2021/12,,,,,
신한제9호기업인수목적(주),405640,2021/12,,,,,
신화인터텍(주),056700,2021/12,-3.55,571.02,0.66,71.69,1.31
신흥에스이씨(주),243840,2021/12,24.36,1029.04,2.6,45.42,0.62
쌍용정보통신(주),010280,2021/12,8.65,44.21,4.89,188.58,1.87
씨비아이(주),013720,2021/12,-16.97,454.85,-3.35,146.38,0.38
씨아이에스(주),222080,2021/12,34.29,1753.75,6.04,177.97,0.48
씨앤에이치(주),023460,2021/12,,,,,
씨앤지하이테크(주),264660,2021/12,43.14,1791.64,6.54,80.43,0.9
씨앤티85(주),056730,2021/12,-30.45,-40.99,-0.37,217.11,0.61
씨에스베어링(주),297090,2021/12,-20.65,1050.76,-0.6,135.1,0.74
씨유테크(주),376290,2021/12,52.24,551.32,1.58,41.8,0.37
씨제이바이오사이언스(주),311690,2021/12,49.76,2891.42,-9.04,31.01,0.05
씨제이프레시웨이(주),051500,2021/12,-9.05,1695.19,3.4,443.7,1.64
씨케이에이치푸드앤헬스리미티드,900120,2021/06,,,,,
씨큐브(주),101240,2021/12,28.35,1243.04,4.85,40.3,0.47
아미코젠(주),092040,2021/12,-17.84,1810.16,-3.64,54.49,0.13
아비코전자(주),036010,2021/12,46.2,1366.51,6.03,16.66,0.73
아이디피(주),332370,2021/12,71.13,1140.05,7.47,11.28,0.52
아이비케이에스제12호기업인수목적(주),335870,2021/12,,,,,
아이비케이에스제13호기업인수목적(주),351340,2021/12,,,,,
아이비케이에스제16호기업인수목적(주),388790,2021/12,,,,,
아이비케이에스제17호기업인수목적(주),405350,2021/12,,,,,
아이쓰리시스템(주),214430,2021/12,30.32,2051.81,1.26,47.01,0.71
아이원스(주),114810,2021/12,-13.38,992.72,16.65,72.18,0.75
아이진(주),185490,2021/12,74.24,726.2,-46.61,18.07,0.04
아이큐어(주),175250,2021/12,-1.79,994.14,-14.65,91.18,0.2
아이크래프트(주),052460,2021/12,28.67,459.43,1.92,88.53,1.4
아이텍(주),119830,2021/12,29.9,1087.7,3.33,29.45,0.3
아주아이비투자(주),027360,2021/12,,,,,
아진산업(주),013310,2021/12,-1.72,991.35,-0.33,89.2,0.63
안국약품(주),001540,2021/12,32.96,2106.37,0.1,42.47,0.77
알리코제약(주),260660,2021/12,28.98,998.86,4.14,49.22,1.21
알서포트(주),131370,2021/12,36.93,1347.26,19.41,11.69,0.57
알에스오토메이션(주),140670,2021/12,27.88,796.84,4.28,81.97,1.46
알에프머트리얼즈(주),327260,2021/12,38.73,767.32,-2.81,21.61,0.28
알에프에이치아이씨(주),218410,2021/12,59.52,2102.79,0.95,38.92,0.2
압타바이오(주),293780,2021/12,35.42,455.63,-16.2,5.26,0
애니젠(주),196300,2021/12,0.91,599.79,-1.01,65.36,0.32
애머릿지코퍼레이션,900100,2021/12,28.99,8247.13,5.11,34.65,0.76
앱클론(주),174900,2021/12,6.19,153.42,-29.24,54.08,0.09
어보브반도체(주),102120,2021/12,28.99,1235.58,12.12,19.81,1.17
에디슨이노(주),056090,2021/12,19.58,555.12,-0.1,145.93,0.32
에브리봇(주),270660,2021/12,57.81,1781.43,19.05,31.92,0.96
에스넷시스템(주),038680,2021/12,0.36,601.82,-1.12,232.13,1.13
에스디엔(주),099220,2021/12,13.84,259.65,0.57,65.29,0.54
에스맥(주),097780,2021/12,15.86,367.42,-2.87,12.22,0.11
에스브이인베스트먼트(주),289080,2022/03,,,,,
에스브이인베스트먼트(주),289080,2021/03,,,,,
에스비더블유생명과학(주),151910,2021/12,-3.88,134.29,-4.18,184.63,0.31
에스비아이인베스트먼트(주),019550,2021/12,,,,,
에스비아이핀테크솔루션즈(주),950110,2021/03,11.23,200.23,0.92,467.08,0.16
에스씨아이평가정보(주),036120,2021/12,23.94,75.59,26.44,26.98,1.28
에스씨엠생명과학(주),298060,2021/12,21.47,642.19,-18.65,21.14,0.01
에스엔유프리시젼(주),080000,2021/12,42.07,662.3,3.83,31.48,0.71
에스엔케이폴리텍(주),091340,2021/12,23.63,921.43,1.11,58.57,0.26
에스와이(주),109610,2021/12,12.93,585.12,3.83,89.18,1.13
에스지씨이테크건설(주),016250,2021/12,14.64,2007.84,11.14,183.49,2.09
에스지에이(주),049470,2021/12,19.34,-8.88,5.54,39.82,0.95
에스지에이솔루션즈(주),184230,2021/12,9.3,755.69,5.32,63.61,0.32
에스지이(주),255220,2021/12,6.23,1585.06,-0.34,244.69,0.21
에스케이제5호기업인수목적(주),337450,2021/12,,,,,
에스케이제6호기업인수목적(주),340350,2021/12,,,,,
에스케이증권에이씨피씨제7호기업인수목적(주),408920,2021/12,,,,,
에스텍(주),069510,2021/12,36.07,2177.21,-5.25,48.14,1.49
에스트래픽(주),234300,2021/12,21.62,227.1,3.68,245.15,0.97
에스티팜(주),237690,2021/12,32.68,3396.25,0.97,50.45,0.3
에스퓨얼셀(주),288620,2021/12,45.74,1941.52,2.14,69.18,0.41
에이디엠코리아(주),187660,2021/12,81.3,1474.45,8.15,12.25,0.47
에이비엘바이오(주),298380,2021/12,56.1,137.47,-63.27,16.98,0.06
에이비온(주),203400,2021/12,60.73,242.33,-34.57,38.68,0.06
에이에프더블류(주),312610,2021/12,66.22,584.47,-3.4,2.58,0.1
에이치비솔루션(주),297890,2021/12,51.26,1142.46,0.95,53.05,0.42
에이치엘비(주),028300,2021/12,4.61,1277.91,-1.81,9.83,0.05
에이치엘비생명과학(주),067630,2021/12,33.39,434.31,-4.73,5.26,0.04
에이치엘비제약(주),047920,2021/12,4.67,500.73,0.41,62.83,0.53
에이치엘비테라퓨틱스(주),115450,2021/12,40.96,790.92,-1.93,41.95,0.26
에이치엠씨아이비제4호기업인수목적(주),353070,2021/12,,,,,
에이치엠씨아이비제5호기업인수목적(주),353060,2021/12,,,,,
에이치케이이노엔(주),195940,2021/12,2.22,7866.35,2.91,59.62,0.45
에이테크솔루션(주),071670,2021/12,4.37,1390.84,3.02,119.1,1.25
에이피시스템(주),265520,2021/12,35.56,2446.11,15.98,125.19,1.31
에이피에스홀딩스(주),054620,2021/12,7.91,1757.69,0.8,45.33,0.05
에이피위성(주),211270,2021/12,63.99,1072.87,0.75,37.09,0.36
에이피티씨(주),089970,2021/12,59.51,5524.98,42.11,27.62,1.34
에코바이오홀딩스(주),038870,2021/12,17.53,1115.87,0.99,34.37,0.19
에코캡(주),128540,2021/12,13.66,3059.37,-12.4,116.87,0.73
에코플라스틱(주),038110,2021/12,-9.14,828.28,3.29,164.13,2.41
에프엔에스테크(주),083500,2021/12,16.48,1351.38,3.73,60.48,0.66
엑스큐어(주),070300,2021/12,68.42,538.68,1.83,8.98,0.44
엔브이에이치코리아(주),067570,2021/12,-24,947.13,3.38,150.93,1
엔시트론(주),101400,2021/12,38.32,32.23,6.06,69.8,0.47
엔에이치기업인수목적20호(주),391060,2021/12,,,,,
엔에이치기업인수목적21호(주),391710,2021/12,,,,,
엔에이치기업인수목적22호(주),396770,2021/12,,,,,
엔에이치엔한국사이버결제(주),060250,2021/12,19.66,1022.49,11.26,150.46,1.9
엘비세미콘(주),061970,2021/12,-17.06,777,6.89,165.39,0.57
엘컴텍(주),037950,2021/12,18.07,43.92,7.42,8.97,0.7
엘티씨(주),170920,2021/12,6.41,2000.05,-6.2,48.76,0.29
엠벤처투자(주),019590,2021/12,,,,,
엠에프엠코리아(주),323230,2021/12,50.29,1386.29,-2.37,108.68,1.24
엠케이전자(주),033160,2021/12,-6.21,1171.77,4.13,176.93,1.6
영신금속공업(주),007530,2021/12,-18.64,291.97,-0.21,253.31,0.93
영풍정밀(주),036560,2021/12,16.34,3961.58,2.42,18.28,0.22
영화테크(주),265560,2021/12,36.41,903.93,3.34,24.87,0.58
예스이십사(주),053280,2021/12,-12.29,2550.99,2.83,75.59,1.39
오가닉티코스메틱스홀딩스컴퍼니리미티드,900300,2021/12,,,,,
오로라월드(주),039830,2021/12,-16.54,1931.92,1.49,201.62,0.44
오상자이엘(주),053980,2021/12,15.74,321.15,8.27,67.47,1.29
오성첨단소재(주),052420,2021/12,24.31,464.09,2.51,22.71,0.39
오션브릿지(주),241790,2021/12,43.85,1602.54,16.04,14.56,0.87
오스템임플란트(주),048260,2021/12,-27.99,3545.89,18.09,273.07,0.72
오토앤(주),353590,2021/12,21.27,230.6,7.8,147.3,1.32
올리패스(주),244460,2021/12,51.86,124.51,-39.97,38.56,0
올릭스(주),226950,2021/12,8.83,204.06,-29.84,307.98,0.04
옴니시스템(주),057540,2021/12,30.67,262.04,-3.82,22.56,0.66
옵티시스(주),109080,2021/12,68.69,1627.67,9.13,12.33,0.52
와이더블유(주),051390,2021/12,45.81,1382.76,3,26.85,0.14
와이아이케이(주),232140,2021/12,40.08,2842.42,14.28,27.27,0.94
와이엠씨(주),155650,2021/12,36.14,897.93,10.32,23.88,1.62
와이엠티(주),251370,2021/12,3.36,849.59,0.78,135.14,0.52
와토스코리아(주),079000,2021/12,69.22,1955.63,0.52,6.13,0.26
우리기술투자(주),041190,2021/12,,,,,
우리바이오(주),082850,2021/12,36.17,325.4,-0.38,26.49,0.31
우리산업(주),215360,2021/12,21.79,2450.37,-3.49,104.73,1.12
우리산업홀딩스(주),072470,2021/12,2.55,942.58,0.63,2.44,0.03
우리손에프앤지농업회사법인(주),073560,2021/12,3.21,285.16,5.99,46.67,0.46
우리엔터프라이즈(주),037400,2021/12,2.23,845.21,1.02,18.85,0.19
우리이앤엘(주),153490,2021/12,29.55,223.72,5.18,76.29,1.17
우림피티에스(주),101170,2021/12,38.71,1137.49,2.27,12.96,0.66
우수AMS(주),066590,2021/12,-10.62,405.48,1.85,128.93,1.1
우원개발(주),046940,2021/12,2.62,955.69,3.64,57.04,1.13
우진비앤지(주),018620,2021/12,-1.17,89.79,-3.41,98.32,0.44
원텍(주),336570,2021/12,,,,,
원풍물산(주),008290,2021/12,5.38,12.68,-2.81,79.74,0.67
웹케시(주),053580,2021/12,15.68,1453.26,15.87,37.15,0.7
위더스제약(주),330350,2021/12,44.08,2968.59,4.11,47.06,0.48
위즈코프(주),038620,2021/12,28.14,146.58,1.2,12.46,0.51
윈텍(주),320000,2021/12,58.47,1040.72,2.46,16.64,0.66
윙입푸드홀딩스,900340,2021/12,,,,,
유네코(주),064510,2021/12,-31.61,155.8,-7.68,159.13,0.42
유니셈(주),036200,2021/12,55.51,1101.23,20.35,26.87,1.37
유니슨(주),018000,2021/12,-30.28,45.33,1.47,215.88,0.53
유비벨록스(주),089850,2021/12,7.43,2853.04,8.66,60.73,0.68
유아이엘(주),049520,2021/12,25.33,733.28,-7.94,31.87,0.42
유안타제7호기업인수목적(주),367460,2021/12,,,,,
유안타제8호기업인수목적(주),367480,2021/12,,,,,
유일에너테크(주),340930,2021/12,26.56,770.06,-8.88,91.67,0.45
유진기업(주),023410,2021/12,-11.94,2312.58,1.74,86.91,0.54
유진기업인수목적6호(주),373340,2021/12,,,,,
유진기업인수목적7호(주),388800,2021/12,,,,,
유진기업인수목적8호(주),413630,2021/12,,,,,
이노뎁(주),303530,2021/12,54.52,1010.26,-3.31,36.56,1.31
이니텍(주),053350,2021/12,79.68,1125.36,-0.23,15.36,0.42
이베스트기업인수목적5호(주),349720,2021/12,,,,,
이베스트투자증권(주),078020,2021/12,,,,,
이삭엔지니어링(주),351330,2021/12,49.41,979.77,-4.74,20.75,0.99
이스트아시아홀딩스인베스트먼트리미티드,900110,2021/12,,,,,
이엠코리아(주),095190,2021/12,2.71,401.05,1.86,64.82,0.48
이오플로우(주),294090,2021/12,49.24,1351.51,-45.6,252.64,0.02
이원다이애그노믹스(주),245620,2021/12,-17.44,662,-9.76,169.98,0.49
이원컴포텍(주),088290,2021/12,17.2,332.51,2.18,51.67,0.72
이지케어텍(주),099750,2021/03,33.66,1009.15,-5.93,54.2,1.39
이트론(주),096040,2021/12,4.31,-33.14,-2.91,108.16,0.31
이화공영(주),001840,2021/12,16.4,361.58,-5.06,125.55,2.06
이화전기공업(주),024810,2021/12,9.21,1484.29,-0.89,40.3,0.21
인바이오(주),352940,2021/12,35.84,818.6,1.38,81.52,0.41
인베니아(주),079950,2021/12,0.87,388.09,6.66,164.81,0.95
인선이엔티(주),060150,2021/12,2.3,1328.71,8.44,34.26,0.27
인카금융서비스(주),211050,2021/12,10.57,1803.38,11.26,402.35,1.61
인크로스(주),216050,2021/12,33.34,2681.23,10.46,148.02,0.24
인탑스(주),049070,2021/12,37.75,5220.67,14.67,20.57,0.81
인포뱅크(주),039290,2021/12,15.62,1278.95,4.84,37.85,1.36
인화정공(주),101930,2021/12,-22.87,3726.97,0.93,58.05,0.22
잉글우드랩(주),950140,2021/12,49.49,1299.88,13.3,26.3,1.15
자이글(주),234920,2021/12,7.87,588.22,-8.37,28.21,0.33
재영솔루텍(주),049630,2021/12,-14.56,36.1,-0.59,221.83,0.56
전진바이오팜(주),110020,2021/12,8.78,240.48,-13.93,129.88,0.15
제너셈(주),217190,2021/12,15.53,528.68,9.22,146.21,0.98
제룡산업(주),147830,2021/12,80.26,575.57,9.73,9.03,0.54
제룡전기(주),033100,2021/12,47.71,636.54,0.16,30.87,0.66
제이더블유신약(주),067290,2021/12,8.46,237.04,5.67,48.28,0.76
제이스코홀딩스(주),023440,2021/12,12.26,344.53,4.39,73.75,0.7
제이씨케미칼(주),137950,2021/12,2.19,1215.37,13.48,99.28,1.34
제이씨현시스템(주),033320,2021/12,43.48,826.83,9.45,46.04,1.62
제이엔케이히터(주),126880,2021/12,25.46,775.26,1.1,87.09,0.63
제이엠아이(주),033050,2021/12,32.25,34.99,0.98,18.69,0.35
제이엠티(주),094970,2021/12,49.36,410.4,-1.41,4.99,0.29
제일전기공업(주),199820,2021/12,30.27,1989.16,9.04,30.25,1.04
제주맥주(주),276730,2021/12,17.51,87.26,-9.54,65.16,0.38
조광아이엘아이(주),044060,2021/12,-0.7,1213.19,4.16,48.44,0.26
조아제약(주),034940,2021/12,25.94,227.79,-8.9,55.06,0.7
주성엔지니어링(주),036930,2021/12,13.09,1425.88,16.19,93.18,0.6
줌인터넷(주),239340,2021/12,57.75,1016.33,8.59,21.59,0.66
지나인제약(주),078650,2021/12,-44.29,-87.81,-31.45,18561.81,0.4
지니너스(주),389030,2021/12,75.72,855.09,-13.13,11.86,0.14
지니언스(주),263860,2021/12,43.27,864.7,13.01,27.63,0.64
지더블유바이텍(주),036180,2021/12,51.56,21.1,-4.51,96.69,1.31
지에이치신소재(주),130500,2021/12,-1.12,798.7,2.16,48.68,0.6
지엔원에너지(주),270520,2021/12,66.23,839.64,-3.11,23.63,0.7
지엘팜텍(주),204840,2021/12,12.22,251.67,-11.15,17.62,0.07
지투파워(주),388050,2021/12,48.92,1112.19,11.17,48.14,1.41
진양제약(주),007370,2021/12,14.07,1039.78,8.36,50.8,0.75
차이나크리스탈신소재홀딩스,900250,2021/12,,,,,
참존글로벌(주),158310,2021/12,33.72,11.3,-1.54,12.5,0.13
참좋은여행(주),094850,2021/12,59.26,1280.84,-19.07,7.25,0.05
카페24(주),042000,2021/12,-0.12,2092.86,-3.77,38.13,0.77
커머스마이너 (주),223310,2021/12,86.13,1395.3,-15.63,17.15,0.61
컬러레이홀딩스,900310,2021/12,,,,,
컴퍼니케이파트너스(주),307930,2021/12,,,,,
케이디켐(주),221980,2021/12,42.27,3950.04,7.3,22.37,0.58
케이만금세기차륜집단유한공사,900280,2021/12,,,,,
케이비아이메탈(주),024840,2021/12,33.27,478.23,5.67,132.66,3.07
케이비제20호기업인수목적(주),342550,2021/12,,,,,
케이에이치건설(주),226360,2021/12,-13.32,1568.68,2.48,54.82,0.32
케이에이치전자(주),111870,2021/12,-10.35,99.7,-0.71,45.34,0.12
케이엠제약(주),225430,2021/12,4.47,1345.03,1.68,31.69,0.44
케이지이티에스(주),151860,2021/12,-21.38,940.5,7.77,77.34,0.49
케이프이에스제4호기업인수목적(주),347140,2021/12,,,,,
케이피엑스라이프사이언스(주),114450,2021/12,16.19,650.64,-6.51,27.85,0.35
켄코아에어로스페이스(주),274090,2021/12,-31.25,280.61,-17.95,328.32,0.36
코나아이(주),052400,2021/12,5.14,2014.98,5.52,675.93,0.22
코드네이처(주),078940,2021/12,19.01,24.42,-12.21,55.14,0.38
코리아에셋투자증권(주),190650,2021/03,,,,,
코리아에프티(주),123410,2021/12,14.65,3652.67,5.15,142.42,1.06
코스맥스엔비티(주),222040,2021/12,-19.01,1094.41,8.63,164.83,0.69
코아스템(주),166480,2021/12,-5.78,85.99,-20.5,330.73,0.02
코오롱생명과학(주),102940,2021/12,3.18,1653.99,4.36,121.87,0.73
코오롱티슈진(주),950160,2021/12,44.47,1319385.49,-69.94,58.87,0.06
코웰패션(주),033290,2021/12,6.81,871.1,11.73,60.55,0.52
코위버(주),056360,2021/12,42.67,2532.51,3.62,24.68,0.55
콜마비앤에이치(주),200130,2021/12,36.99,2327.05,20.39,25,1.25
큐렉소(주),060280,2021/12,52.52,156.52,-3.3,42.9,0.78
큐캐피탈파트너스(주),016600,2021/12,,,,,
크로바하이텍(주),043590,2021/12,44.52,91.9,8.6,11.45,1.34
크루셜텍(주),114120,2021/12,-1.94,-81.46,-5.48,625.1,1.22
크리스탈지노믹스(주),083790,2021/12,28.52,540.13,-4.13,31.04,0.02
키네마스터(주),139670,2021/12,75.72,228.57,-8.78,7.83,1.24
키움제6호기업인수목적(주),413600,2021/12,,,,,
테고사이언스(주),191420,2021/12,49.41,1161.97,1.43,2.88,0.16
테라사이언스(주),073640,2021/12,21.86,588.09,-0.91,92.54,0.3
티제이미디어(주),032540,2021/12,11.74,1013.91,0.52,40.72,0.47
티케이지애강(주),022220,2021/12,52.35,248.08,6.65,15.93,0.66
팅크웨어(주),084730,2021/12,24.33,3276.08,3.4,71.82,0.83
파나케이아(주),058530,2021/12,21.09,603.08,-1.7,9.34,0.19
패션플랫폼(주),225590,2021/12,33.24,1711.84,7.58,31.72,1.24
펌텍코리아(주),251970,2021/12,31.38,2925.3,10.18,20.93,0.74
풍국주정공업(주),023900,2021/12,28.8,1891.61,1.56,3.63,0.36
풍원정밀(주),371950,2021/12,-21.61,216.66,5.16,130.78,0.66
프레스티지바이오로직스(주),334970,2021/12,12.8,352.62,-20.88,93.55,0.03
프리시젼바이오(주),335810,2021/12,52.44,555.2,-10.33,44.64,0.23
피씨엘(주),241820,2021/12,18.11,180.65,-42.66,430.67,0.76
피앤씨테크(주),237750,2021/12,50.65,1916.84,2.75,12.57,0.3
피에스케이(주),319660,2021/12,47.1,3703.76,26.84,43.82,1.29
피에스케이홀딩스(주),031980,2021/12,32.96,1810.48,5.52,18.56,0.28
피에스텍(주),002230,2021/12,43.02,1393.56,0.8,12.88,0.37
피에이치에이(주),043370,2021/12,23.82,4171.72,-2.25,40.67,0.89
피엔케이피부임상연구센타(주),347740,2021/12,60.96,1616.02,10.18,6.38,0.28
하나금융14호기업인수목적(주),332710,2021/12,,,,,
하나금융15호기업인수목적(주),341160,2021/12,,,,,
하나금융16호기업인수목적(주),343510,2021/12,,,,,
하나금융19호기업인수목적(주),388220,2021/12,,,,,
하나금융20호기업인수목적(주),400560,2021/12,,,,,
하나금융21호기업인수목적(주),406760,2021/12,,,,,
하나금융22호기업인수목적(주),418170,2022,,,,,
하나마이크론(주),067310,2021/12,-8.05,1216.29,4.95,117.51,0.63
하나머스트7호기업인수목적(주),372290,2021/12,,,,,
하나머티리얼즈(주),166090,2021/12,1.95,2539.55,20.67,72.65,0.68
하이록코리아(주),013030,2021/12,67.46,5036.66,5.21,8.87,0.38
하이제5호기업인수목적(주),340120,2021/12,,,,,
하이제6호기업인수목적(주),377400,2021/12,,,,,
하이제7호기업인수목적(주),400840,2021/12,,,,,
하이즈항공(주),221840,2021/12,11.79,600.32,-8.74,129.14,0.15
하인크코리아(주),373200,2021/12,,,,,
한국기업평가(주),034950,2021/12,30.65,254.67,16.36,33.47,0.54
한국맥널티(주),222980,2021/12,25.94,605.19,3.96,84.06,0.53
한국선재(주),025550,2021/12,11.41,743.4,10.87,91.2,0.94
한국알콜산업(주),017890,2021/12,31.32,3267.69,10.86,15.73,0.99
한국유니온제약(주),080720,2021/12,12.95,1391.24,-9.2,120.12,0.45
한국전자금융(주),063570,2021/12,-5.87,1072.56,3.04,179.9,0.5
한국전자인증(주),041460,2021/12,9.26,314.19,12.37,40.07,0.57
한국정밀기계(주),101680,2021/12,42.7,1052.58,-14.01,69.54,0.19
한국정보공학(주),039740,2021/12,14.62,957.45,1.75,64.29,2.2
한국정보인증(주),053300,2021/12,29.54,711.12,7.67,20.82,0.35
한국정보통신(주),025770,2021/12,36.61,1055.73,6.25,82.58,1.49
한국제10호기업인수목적(주),409570,2021/12,,,,,
한국캐피탈(주),023760,2021/12,,,,,
한국컴퓨터(주),054040,2021/12,46.23,1224.55,2.7,12.05,0.45
한라아이엠에스(주),092460,2021/12,6.84,923.87,-0.11,92.61,0.35
한솔인티큐브(주),070590,2021/12,21.46,290.57,1.46,70.54,1.34
한스바이오메드(주),042520,2021/09,-9.06,831.84,-8.12,165.24,0.34
한양디지텍(주),078350,2021/12,9.32,1019.87,20.82,96.12,2.3
한양이엔지(주),045100,2021/12,23.4,3768.72,8.79,57.37,1.46
한일네트웍스(주),046110,2021/12,8.18,1336.94,9.64,65.3,0.96
한일단조공업(주),024740,2021/12,-9.04,520.79,-1.92,118.49,0.66
한일사료(주),005860,2021/12,18.82,131.55,1.85,81.56,1.59
한일화학공업(주),007770,2021/12,20.42,6686.35,1.61,31.07,0.69
한창산업(주),079170,2021/12,54.47,2069.21,5.08,19.73,1.15
한화플러스제2호기업인수목적(주),386580,2021/12,,,,,
해성산업(주),034810,2021/12,-1.76,5115.64,0.75,30.66,0.03
해성옵틱스(주),076610,2021/12,37.22,3.24,-28.29,54.42,0.18
헝셩그룹유한회사,900270,2021/12,,,,,
현대무벡스(주),319400,2021/12,37.92,1103.25,7.47,65.43,1.14
현대바이오사이언스(주),048410,2021/12,24.11,199.03,-11.39,29.62,0.11
현대사료(주),016790,2021/12,38.81,1773.94,1.3,62.72,1.15
현대에이치티(주),039010,2021/12,33.67,2149.09,4.36,22.97,0.86
현우산업(주),092300,2021/12,11.58,940.03,4.55,112.33,0.99
화성밸브(주),039610,2021/12,53.18,1392.96,2.54,35.46,0.7
화일약품(주),061250,2021/12,70.44,453.55,2.34,6.87,0.59
효성오앤비(주),097870,2021/06,41,1583.14,2.03,12.86,0.39
휴림로봇(주),090710,2021/12,15.4,121.57,0.54,15.79,0.25
휴마시스(주),205470,2021/12,45.59,5549.98,92.92,70.55,1.55
휴젤(주),145020,2021/12,45.38,11535.44,7.63,24.79,0.23
흥구석유(주),024060,2021/12,28.57,5205.21,-0.03,4.75,1.59
